Date,Location,Group,question_number,Question_text,Answer_Likert,Open-ended
11/1/2023,Santa Marta,1,1,1.     El movimiento de suelo contaminado es un factor de riesgo para introducir Foc-R4T a nuevas áreas,Muy de acuerdo,"El suelo es considerado el principal factor de diseminación para Foc R4T.   Se asocia al uso de maquinaria y herramientas agrícolas, calzado, trasplante de material vegetal,  transporte por aguas de escorrentía, entre otras"
11/1/2023,Santa Marta,1,2,2.     El movimiento de plantas contaminadas (material vegetal de siembra o desechos de cultivos) es un factor de riesgo para introducir Foc-R4T a nuevas áreas.,De acuerdo,Siempre y cuando hablemos de pequeños productores que hagan uso de material vegetal no procedente de tejido meristemático y que además proceda de viveros no certificados u otras fuentes.
11/1/2023,Santa Marta,1,3,3.     Plantas asintomáticas dentro del cultivo son un factor de riesgo como fuente de inóculo de Foc-R4T.,Muy de acuerdo,"Refiriéndonos a plantas sin presencia de síntomas o síntomas ligeramente visibles ( diferente de Asintomáticas), ya que en estas se ejecutan diferentes labores de cultivo e incluso pueden llegar a ser seleccionadas como material de propagación."
11/1/2023,Santa Marta,1,4,"4.     Movimiento de equipos agrícolas contaminados (herramientas, vehículos, equipos, etc.…) son factores que pueden diseminar Foc-R4T ",Muy de acuerdo,Pueden transportar inóculos del hongo a través de residuos de suelo y vegetales
11/1/2023,Santa Marta,1,5,5.     La presencia de pequeños focos de Foc-R4T en áreas remotas impide que sean identificados y contenidos,Muy de acuerdo,"Debido a que estas áreas pueden escapar del alcance del servicio de monitoreo y vigilancia por parte de los organismos de control,  ejemplo de ello son los cultivos de traspatio, entre otros."
11/1/2023,Santa Marta,1,6,"6.     Foc-R4T puede ser transportado por el agua, lo que lleva a la contaminación de las áreas aguas abajo",Muy de acuerdo,"El agua es una fuente altamente efectiva en la diseminación, puede transportar suelo y residuos vegetales, este factor de riesgo aumenta cuando la fuente de captación tiene presencia del inoculo y se distribuye a través del sistema de riego."
11/1/2023,Santa Marta,1,7,"7.     El movimiento de material vegetal infectado, como plántulas o cormos, por parte de los seres humanos puede propagar Foc-R4T",Muy de acuerdo,Asociado al transporte de inoculo.
11/1/2023,Santa Marta,1,8,8.     El comercio internacional de plantas y partes de plantas de banano y plátano puede facilitar la difusión a larga distancia de Foc-R4T,Ni de acuerdo ni en desacuerdo,Depende de las garantías de inocuidad por parte del proveedor
11/1/2023,Santa Marta,1,9,9.     Las regulaciones de cuarentena débiles o ineficaces pueden permitir la diseminación de Foc-R4T,Muy de acuerdo,Debido a que esto se encuentra asociado al incumplimiento de las medidas de Bioseguridad
11/1/2023,Santa Marta,1,10,10.     Ciertos insectos pueden contribuir a la transmisión de Foc-R4T,En desacuerdo,"Para el caso de foc R4T los insectos plagas pueden contribuir al desarrollo e intensificación de síntomas, sin embargo, se conoce muy poco acerca de su papel como agentes de diseminación."
11/1/2023,Santa Marta,1,11,"11.     La mala implementación de medidas de bioseguridad, la eliminación inadecuada de las plantas y el manejo deficiente de las plantaciones  pueden aumentar el riesgo de propagación de Foc-R4T.",Muy de acuerdo,"Se asocia a la perdida del control de la enfermad, aumento de las fuentes de inoculo y por ende la diseminación"
11/1/2023,Santa Marta,1,12,12.     El tráfico humano hacia y desde las regiones infectadas puede introducir inadvertidamente Foc-R4T a nuevas áreas.,De acuerdo,Siempre y cuando no se cuente con medidas de bioseguridad  o en su defecto estas existan y no sean aplicadas
11/1/2023,Santa Marta,1,13,13.     El monitoreo inadecuado puede retrasar la detección y futura contención del Foc-R4T,Muy de acuerdo,Debido a que la identificación temprana de la enfermedad ha mostrado ser almamente efectiva en la contención de focos
11/1/2023,Santa Marta,1,14,14.     : Las propiedades químicas del suelo son factores que afectan el desarrollo de epidemias de  Foc-R4T - Muy en desacuerdo.,De acuerdo,Refiriéndose principalmente a Ph con tendencia a la acidez y bajos contenido de materia orgánica
11/1/2023,Santa Marta,1,15,15.     La biota del suelo son factores que afectan el desarrollo de epidemias de Foc-R4T ,Muy de acuerdo,Enfocada principalmente en una mayor presencia de microorganismos benéficos que contribuyan al control de enfermedades
11/1/2023,Santa Marta,1,16,16.     La temperatura es n factor que afectan el desarrollo de epidemias de Foc-R4T ,Ni de acuerdo ni en desacuerdo,La temperatura esta mas a asociada a la velocidad con que se puede desarrollar la enfermedad
11/1/2023,Santa Marta,1,17,17.     Las tormentas presentan un efecto de riesgo asociado a la dispersión de Foc-R4T ,De acuerdo,"Siempre y cuando se asocie a  transporte de suelo, agua o material vegetal contaminado"
11/1/2023,Santa Marta,1,18,18.     El viento presenta un efecto de riesgo asociado a la dispersión de Foc-R4T ,De acuerdo,"Siempre y cuando se asocie a  transporte de suelo, agua o material vegetal contaminado"
11/1/2023,Santa Marta,1,19,19.     La precipitación es un factor de riesgo en epidemias de Foc R4T,De acuerdo,"Siempre y cuando se asocie a  transporte de suelo, agua o material vegetal contaminado"
11/1/2023,Santa Marta,1,20,20.     Conexión de redes de drenaje entre lotes y cultivos de banano es un factor de riesgo en epidemias de  Foc R4T,De acuerdo,Puede darse diseminación a través del agua
11/1/2023,Santa Marta,1,21,21.      Otros hospederos son un factor de riesgo en epidemias Foc R4T ,De acuerdo,Ya que el factor de riesgo que estos representan puede ser ignorados y escapar a las medidas de control
11/1/2023,Santa Marta,1,22,22.     El cambio climático es un factor de riesgo en epidemias Foc R4T ,Ni de acuerdo ni en desacuerdo,"Va depender si el efecto es sequia o inundaciones, mientras que el uno contribuye el otro resta"
11/1/2023,Santa Marta,1,23,23.     Las propiedades físicas del suelo son factores que afectan el desarrollo de epidemias de  Foc-R4T,De acuerdo,Refriéndose principalmente a las propiedades hidrológicas del suelo.   Suelos con poca drenabilidad contribuyen al desarrollo de la enfermedad
11/1/2023,Santa Marta,2,1,1.     El movimiento de suelo contaminado es un factor de riesgo para introducir Foc-R4T a nuevas áreas,Muy de acuerdo,"Conocedores de que el suelo es el hábitat natural del patógeno y que este se puede movilizar por medio de maquinaria, material vegetal, botas, herramientas, animales consideramos que el suelo es un muy importante factor de riesgo para propagación de FOCT 4RT- además ell patógeno tiene persistencia de 30 años en el suelo"
11/1/2023,Santa Marta,2,2,2.     El movimiento de plantas contaminadas (material vegetal de siembra o desechos de cultivos) es un factor de riesgo para introducir Foc-R4T a nuevas áreas.,De acuerdo,"A nivel de grande productores/ exportadores el riesgo es bajo, toda vez que le material vegetal que se utiliza es material certificado o de la misma finca, mientras que en el caso de musáceas de pequeños productores/mercado local, el gran riesgo son los productores pequeños de pancoger 
Dado que intercambian material vegetal desconociendo el origen y sanidad de los mismos."
11/1/2023,Santa Marta,2,3,3.     Plantas asintomáticas dentro del cultivo son un factor de riesgo como fuente de inóculo de Foc-R4T.,Muy de acuerdo,"Una vez que hay una planta asintomática hay libre movimiento de trabajadores, material vegetal  y suelo dentro de las fincas siendo más probable la diseminación de la enfermedad por medio de suelo "
11/1/2023,Santa Marta,2,4,"4.     Movimiento de equipos agrícolas contaminados (herramientas, vehículos, equipos, etc.…) son factores que pueden diseminar Foc-R4T ",Muy de acuerdo,"Identificamos riesgo en el préstamo de maquinaria caso guadañas, u otros implementos sin su debido proceso de desinfección, el riesgo en el caso de plátano es muy crítico teniendo en cuenta que las herramientas pasan de un predio a otro sin control

En productores grandes a pesar de la reglamentación es muy difícil garantizar el protocolo de lavado de maquinaria al 100%, el control de desinfección no se garantiza, en los proyectos nuevos el riesgo es mayor; se desconoce la trazabilidad de maquinaria

Hay situaciones disimiles en el sector, hay comercializadoras que controlan su flota, es importante conocer la trazabilidad de maquinaria y procedencia en toda la zona y articular esa información"
11/1/2023,Santa Marta,2,5,5.     La presencia de pequeños focos de Foc-R4T en áreas remotas impide que sean identificados y contenidos,Muy de acuerdo,"Estamos de acuerdo y varios niveles a tener en cuenta, el primero teniendo en cuenta el desconocimiento de productores en zonas remotas, es un riesgo para la oportuna identificación de síntomas y las medidas de contención de dispersión de la enfermedad"
11/1/2023,Santa Marta,2,6,"6.     Foc-R4T puede ser transportado por el agua, lo que lleva a la contaminación de las áreas aguas abajo",Muy de acuerdo,"Por un lado, las fuentes hídricas tanto magdalena como la guajira están expuestas a contaminación por suelo o material vegetal y en la medida que se presenten inundaciones y represamientos hay riesgo de movimiento del patógeno a fincas vecinas, hay cuencas hídricas que se unen. Otro factor a tener en cuenta es la profundidad de la lámina de agua, dadas la zona el riego es necesario, por lo tanto, el riesgo de contaminación con agua es alto además no hay planes de acción al respecto."
11/1/2023,Santa Marta,2,7,"7.     El movimiento de material vegetal infectado, como plántulas o cormos, por parte de los seres humanos puede propagar Foc-R4T",Muy de acuerdo,"El mayor riesgo es el movimiento antrópico, existe el riesgo de traslado de material vegetal (suelo, material vegetal), en el caso de productores exportadores es más controlado, no obstante, se ha medido que se ha movilizado 26 tonelada de suelo (plántulas) entre las fincas. Es importante que en este riesgo se involucre el sector público y privado, para fortalecer los sistemas productivos con apoyo de entes gubernamentales y unificar el discurso, reglamentación y planes de contención "
11/1/2023,Santa Marta,2,8,8.     El comercio internacional de plantas y partes de plantas de banano y plátano puede facilitar la difusión a larga distancia de Foc-R4T,Ni de acuerdo ni en desacuerdo,"En relación a las fincas comerciales, el riesgo es mínimo toda vez que el material que se utiliza debe cumplir con los estándares de la ONPF DEL PAIS, mientras que, para el caso de las fincas de traspatio, por los pasos fronterizos oficiales consideramos que no hay problema, el riesgo mayor corresponde a trochas no oficiales,

El movimiento de estructuras es difícil, por medio de vestimenta, comercio de artesanía (caso de ventas de productos de importados hechos a base de material vegetal de musáceas) caso HOMECENTER.  En el caso de cultivo de pan coger el riesgo es bajo dado que usa material propio o de procedencia nacional, "
11/1/2023,Santa Marta,2,9,9.     Las regulaciones de cuarentena débiles o ineficaces pueden permitir la diseminación de Foc-R4T,Muy de acuerdo,"Es importante que la reglamentación este acorde al sistema productivo, (distancias de siembra); ejemplo la mala delimitación oficial de las zonas de exclusión A, B y C en términos de cuanta área debe abarcar cada zona; no es lo mismo un área A de 1 m a una de 10 m."
11/1/2023,Santa Marta,2,10,10.     Ciertos insectos pueden contribuir a la transmisión de Foc-R4T,Muy de acuerdo,"Hay unas zonas (Sevilla y Guachaca) donde el ataque de picudo y coleópteros es importante, en algunas fincas que vienen de palma-banano el riesgo también es alto"
11/1/2023,Santa Marta,2,11,"11.     La mala implementación de medidas de bioseguridad, la eliminación inadecuada de las plantas y el manejo deficiente de las plantaciones  pueden aumentar el riesgo de propagación de Foc-R4T.",Muy en desacuerdo,"Si no se aplican correctamente los protocolos de bioseguridad internamente, así exista una reglamentación oficial fuerte, el riesgo de diseminación es muy alto."
11/1/2023,Santa Marta,2,12,12.     El tráfico humano hacia y desde las regiones infectadas puede introducir inadvertidamente Foc-R4T a nuevas áreas.,Muy de acuerdo,"Si no se ha detectado oportunamente la enfermedad, el movimiento antrópico (humano) de herramientas, suelo y material vegetal es muy alto, también sí no se cumple con los protocolos de bioseguridad; las empresas que tienen control de personal lo mitigan pero los pequeños productores no se tiene certeza"
11/1/2023,Santa Marta,2,13,13.     El monitoreo inadecuado puede retrasar la detección y futura contención del Foc-R4T,Muy de acuerdo,"Personal capacitado en la detección de síntomas y temprana limita y es la medida más efectiva para evitar la diseminación de la enfermedad, monitoreo semanal y exhaustivo; reporte inmediato a las entidades oficiales. La detección oportuna permite iniciar los planes de contención de forma importante"
11/1/2023,Santa Marta,2,14,14.     : Las propiedades químicas del suelo son factores que afectan el desarrollo de epidemias de  Foc-R4T - Muy en desacuerdo.,Ni de acuerdo ni en desacuerdo,"Según la literatura tenemos menor riesgo, sin embargo, en la zona con pH con tendencia a la salinidad tenemos presencia de la enfermedad, la literatura diría que no tenemos condiciones ideales para el establecimiento, pero lo tenemos. Quizá lo limita, pero no lo evita "
11/1/2023,Santa Marta,2,15,15.     La biota del suelo son factores que afectan el desarrollo de epidemias de Foc-R4T ,Muy de acuerdo,Suelos con balance de organismos y “saludables” tienen menor riesgo de permitir el establecimiento de la enfermedad en su fase más devastadora
11/1/2023,Santa Marta,2,16,16.     La temperatura es n factor que afectan el desarrollo de epidemias de Foc-R4T ,De acuerdo,"Según la literatura tenemos condiciones en la zona de temperatura ideales para el establecimiento del hongo, no se puede mirar como un único factor, sino la suma de muchos factores climáticos y de manejo agronómico "
11/1/2023,Santa Marta,2,17,17.     Las tormentas presentan un efecto de riesgo asociado a la dispersión de Foc-R4T ,De acuerdo,"El riesgo esta con material infectado no tratado adecuadamente puede favorecer el movimiento de esporas/material vegetal a zonas no afectadas; las tormentas traen eventos de alta precipitación, alta velocidad de viento que pueden favorecer la diseminación (riesgo bajo)"
11/1/2023,Santa Marta,2,18,18.     El viento presenta un efecto de riesgo asociado a la dispersión de Foc-R4T ,De acuerdo,Puede haber plantas en estado avanzados de severidad que permitan el movimiento por medio del aire/ si se aplica correctamente el protocolo de contención (encarpado y generación de vacío biológico el riesgo es bajo)
11/1/2023,Santa Marta,2,19,19.     La precipitación es un factor de riesgo en epidemias de Foc R4T,De acuerdo,"Toda vez que en plantación donde se desconozca la presencia de la enfermedad, si hay escorrentía hay movimiento de propágulos por canales o distritos de riego, también se eleva el nivel de los ríos, desbordamiento y aumento del nivel freático"
11/1/2023,Santa Marta,2,20,20.     Conexión de redes de drenaje entre lotes y cultivos de banano es un factor de riesgo en epidemias de  Foc R4T,Muy de acuerdo,"Hay productores que usan agua de drenaje como riego, el riesgo el latente si hay material vegetal en canales de drenaje, además los canales pasan por medio de la comunidad, fincas pequeñas y de pan coger lo cual es un riesgo para quien usa el agua contaminada"
11/1/2023,Santa Marta,2,21,21.      Otros hospederos son un factor de riesgo en epidemias Foc R4T ,Muy de acuerdo,La gran mayoría de malezas en la zona están reportadas como hospederos alternos 
11/1/2023,Santa Marta,2,22,22.     El cambio climático es un factor de riesgo en epidemias Foc R4T ,De acuerdo,"Depende de las consecuencias a nivel de clima local, en todo caso condiciones adversas para el cultivo (lluvia, sequia, baja temperatura, alta temperatura) pueden generar estados de mayor susceptibilidad de la enfermedad "
11/1/2023,Santa Marta,2,23,23.     Las propiedades físicas del suelo son factores que afectan el desarrollo de epidemias de  Foc-R4T,En desacuerdo,"Depende, suelos pesados limitan el movimiento de agua y pueden favorecer inundaciones, por lo contrario suelos arenosos se verían menos afectados,"
11/1/2023,Santa Marta,3,1,1.     El movimiento de suelo contaminado es un factor de riesgo para introducir Foc-R4T a nuevas áreas,Muy de acuerdo,"El movimiento de suelo es el principal vehiculo de transmisión de microorganismos de un área a otra, en su bilogia el hongo presenta caracteristicas saprofitas que degradan la materia orgánica. "
11/1/2023,Santa Marta,3,2,2.     El movimiento de plantas contaminadas (material vegetal de siembra o desechos de cultivos) es un factor de riesgo para introducir Foc-R4T a nuevas áreas.,Muy de acuerdo,"No se cuenta con sitios certificados para la obtención de semilla (La Guajira), lo que incentiva el moviemiento de material sin regulación en parte de la región. En el departamento del Magdalena sólo se cuenta con dos viveros certificados de endurecimiento de material vegetal que no abastecen la demanda de la región, y en la línea de plátano no se cuenta con los esquemas de producción (cámaras térmicas) de material certificado. En algunas ocasiones a nivel de la semilla de platano , requiere movilizarlo desde el interior del pais o en otras oportunidades surtir el proceso de importacion. Por lo tanto, la presentacion en que se vende la semilla representa un riesgo. Ademas, se evidencia limitaciones en protocolos e infraestructura para la disposiion final del material incautado por  las autoridades"
11/1/2023,Santa Marta,3,3,3.     Plantas asintomáticas dentro del cultivo son un factor de riesgo como fuente de inóculo de Foc-R4T.,Muy de acuerdo,Segun la epidemiologia de la enfermedad algunas plantas pueden presentar sintomas de forma tardia y se pueden utilizar como material de siembra.
11/1/2023,Santa Marta,3,4,"4.     Movimiento de equipos agrícolas contaminados (herramientas, vehículos, equipos, etc.…) son factores que pueden diseminar Foc-R4T ",Muy de acuerdo,"Una de las principales fuentes de contaminación de áreas nuevas son el uso de equipos y herramientas sin el debido proceso de descontaminación, se llevan particulas de suelo que puede llevar el hongo consigo. "
11/1/2023,Santa Marta,3,5,5.     La presencia de pequeños focos de Foc-R4T en áreas remotas impide que sean identificados y contenidos,De acuerdo,"Porque se tienen muchos factores asociados, entre los cuales se destacan:
Desconocimiento por parte de algunos productores para identificar enfermedades.
Las medidas de intervensión y sensibilización por parte de los organismos de control.
Falta de estratageias sociales para compartir información y capacitación.
Falta de valoración real del riesgo asociado apor parte del productor."
11/1/2023,Santa Marta,3,6,"6.     Foc-R4T puede ser transportado por el agua, lo que lleva a la contaminación de las áreas aguas abajo",Muy de acuerdo,"Se debe a varios factores al momento de identificar el proceso de infestación. 1) Diferentes sistemas de riego y fuentes de obtención; 2) En el Magdalena, algunas fincas utilizan las aguas de drenajes de otras fincas para realizar las labores de riego; 3) Es común que durante las épocas de fuertes precipitaciones se inunden extensas áreas, coincidiendo áreas afectadas y no afectada. "
11/1/2023,Santa Marta,3,7,"7.     El movimiento de material vegetal infectado, como plántulas o cormos, por parte de los seres humanos puede propagar Foc-R4T",Muy de acuerdo,"Es considerada una activdidad de alto riesgo, que se genera por desconocimiento y voluntad propia de quien la transporta"
11/1/2023,Santa Marta,3,8,8.     El comercio internacional de plantas y partes de plantas de banano y plátano puede facilitar la difusión a larga distancia de Foc-R4T,Muy en desacuerdo,"Puesto que el material vegetal que ingresa al país aunque debe provenir de paises libres del patógeno, puede pasar por procesos de triangulación en los que se borre el origen real. Adicionalmente, el comercio de artesanias y de fruta con hojas como protector de la calidad de la fruta se convierte en un posible factor de dispersión al portar el patógeno"
11/1/2023,Santa Marta,3,9,9.     Las regulaciones de cuarentena débiles o ineficaces pueden permitir la diseminación de Foc-R4T,Muy de acuerdo,Por que existen vacios legales en las normas que en algunos casos son usadas como justificacion para evitar su cumplimiento
11/1/2023,Santa Marta,3,10,10.     Ciertos insectos pueden contribuir a la transmisión de Foc-R4T,Muy de acuerdo,Se ha demostrado que insectos como el picudo puede transmitir estructuras del hongo su exoesqueleto
11/1/2023,Santa Marta,3,11,"11.     La mala implementación de medidas de bioseguridad, la eliminación inadecuada de las plantas y el manejo deficiente de las plantaciones  pueden aumentar el riesgo de propagación de Foc-R4T.",Muy de acuerdo,"No aplicar protocolos de desinfeccion de herramientas y calzado, ademas de transportar materiales vegetales, suelo o herramientas contaminados, se convierten en elementos de dispersion del patogeno; Ademas que se han identificado condiciones presdisponentes en el suelo que se pudieran manejar desde el programa de asistencia tecnica que se realiza en las plantaciones"
11/1/2023,Santa Marta,3,12,12.     El tráfico humano hacia y desde las regiones infectadas puede introducir inadvertidamente Foc-R4T a nuevas áreas.,Muy de acuerdo,"Si, en los distintos contextos culturales no se tienen en cuenta el riesgo asociado a transitar por zonas de plantaciones que se encuentran infectados, el movimiento de suelo adherido a vehiculos, transporte animal y calzado es una de las consecuencias"
11/1/2023,Santa Marta,3,13,13.     El monitoreo inadecuado puede retrasar la detección y futura contención del Foc-R4T,De acuerdo,"En la medida en que no se implementen las acciones de verificación de manera oportuna, no se apliquen los protocolos contemplados en la contencion, se estaría diseminando la enfermedad en campo"
11/1/2023,Santa Marta,3,14,14.     : Las propiedades químicas del suelo son factores que afectan el desarrollo de epidemias de  Foc-R4T - Muy en desacuerdo.,Muy de acuerdo,"La diversidad de suelo, sus caracteristicas fisicoquimicas y biologicas son considerados factores predisponentes, condiciones que fueron evaluadas por AGROSAVIA en el ultimo año. Indicadores a la baja como: calcio, magnesio, fosforo, pH, disponibilidad de MO y la conductividad hidraulica son factores que coayudan a la estabilización y proliferación del patógeno o a la suseptibilidad de la planta"
11/1/2023,Santa Marta,3,15,15.     La biota del suelo son factores que afectan el desarrollo de epidemias de Foc-R4T ,Muy de acuerdo,"Algunas practicas agricolas dentro de esta cadena productora, afecta el valance de la micro y macro fauna del suelo, lo que ocasiona un disminución de organizmos que tiene las condiones de competir por espacio y nutrientes frente al patógeno'"
11/1/2023,Santa Marta,3,16,16.     La temperatura es n factor que afectan el desarrollo de epidemias de Foc-R4T ,Muy de acuerdo,"Es una variable que manera directa genera una condición de estres a la planta, haciendola suceptible a la ingreso del patógeno y al desaroolllo de la enfermedad"
11/1/2023,Santa Marta,3,17,17.     Las tormentas presentan un efecto de riesgo asociado a la dispersión de Foc-R4T ,Muy de acuerdo,"Por que las tormetas estan asociadas a las fuertes lluvias,ocasionado escorrentia y facilitando el moviemitno de particulas del micrrotganismo. Tambien ocasionna estres hidrico, que se refleja en el ahogamiento de la planta. "
11/1/2023,Santa Marta,3,18,18.     El viento presenta un efecto de riesgo asociado a la dispersión de Foc-R4T ,De acuerdo,"Es un factor en de riesgo dependiendo del esenario que se presente, el cual esta asociado al nivel de desocmposion de la planta infectada, de la epoca y las condiciones geograficas"
11/1/2023,Santa Marta,3,19,19.     La precipitación es un factor de riesgo en epidemias de Foc R4T,Muy de acuerdo,"Si, en excaso de agua y las condiciones del cultivo que presenten acumulacion de agua son riesgosas para aumentar el riesgo de infección del cultivo"
11/1/2023,Santa Marta,3,20,20.     Conexión de redes de drenaje entre lotes y cultivos de banano es un factor de riesgo en epidemias de  Foc R4T,Muy de acuerdo,Se debe tener especial cuidado con la conexion de los drenajes ya que muchas de las formas de diseminación son por el movimiento de particulas disueltas en el agua que se utiliza en el riego y al almacenaje para las distintas actividades que se utilizan en el predio
11/1/2023,Santa Marta,3,21,21.      Otros hospederos son un factor de riesgo en epidemias Foc R4T ,Muy de acuerdo,"Las arvenses presentan una participación importante como hospederos alternos para el hongo, se deben reconocer las distintas especies que son hospederas asintomaticas que se tienen referenciadas en otros paises en el pais para determinar el potencial de infestación"
11/1/2023,Santa Marta,3,22,22.     El cambio climático es un factor de riesgo en epidemias Foc R4T ,Muy de acuerdo,"EL cambio climatico hace que las plantas presenten predisposicion a enfermedades al alterar las condiciones normales del cultivo, como los eventos extramos de sequía, altas precipitaciones, altas velocidades de vientos y alteracion del ciclo vital de las plagas al reducir la duracion del periodo de incubacion de sus crias"
11/1/2023,Santa Marta,3,23,23.     Las propiedades físicas del suelo son factores que afectan el desarrollo de epidemias de  Foc-R4T,Muy de acuerdo,"Entre las que destacan la textura, conductividad hidráulica, posoridad, profundidad efectiva, etc. Las cuales hacen que tan suceptible dependiendo de las condiciones en que se encuentre la plantas y la superficie de contacto que esta contenga"
11/3/2023,Pereira,4,1,"1.	El movimiento de suelo contaminado es un factor de riesgo para introducir Foc-R4T a nuevas Ã¡reas",Muy de acuerdo,Alto ya que el suelo es critico y fundamental para cualquier produccion
11/3/2023,Pereira,4,2,"2.	El movimiento de plantas contaminadas (material vegetal de siembra o residuos de cultivos) es un factor de riesgo para introducir Foc-R4T a nuevas Ã¡reas.",Muy de acuerdo,Alto 
11/3/2023,Pereira,4,3,"3.	Plantas asintomÃ¡ticas dentro del cultivo son un factor de riesgo como fuente de inÃ³culo de Foc-R4T",Muy de acuerdo,Alto ya que puedo ser foco de dispersion de la enfermedad dentro del cultivo.
11/3/2023,Pereira,4,4,"4.	Movimiento de equipos agrÃ­colas contaminados (herramientas, vehÃ­culos, equipos, etc...) son factores que pueden diseminar Foc-R4T",Muy de acuerdo,Alto ya que si no se realiza una adecuada desinfeccion de las herramientas utilizadas en la labor diaria del cultivo seria fuente de contaminacion cruzada.
11/3/2023,Pereira,4,5,"5.	La presencia de pequeÃ±os focos de Foc-R4T en Ã¡reas remotas impide que sean identificados y contenidos",Muy de acuerdo,Alto ya que si no existe como poder llegar ellos dificilmente se realizaria un control 
11/3/2023,Pereira,4,6,"6.	Foc-R4T puede ser transportado por el agua, lo que lleva a la contaminaciÃ³n de las Ã¡reas aguas abajo",Muy de acuerdo,"Alto se debe tener un control en el manejo de la desinfeccion del material, evitando la contaminacion del agua "
11/3/2023,Pereira,4,7,"7.	El movimiento de material vegetal infectado, como plÃ¡ntulas o cormos, por parte de los seres humanos puede propagar Foc-R4T",Muy de acuerdo,Alto ya que se realizaria contaminacion cruzada 
11/3/2023,Pereira,4,8,"8.	El comercio internacional de plantas y partes de plantas de banano y plÃ¡tano puede facilitar la difusiÃ³n a larga distancia de Foc-R4T",Muy de acuerdo,"Alto, ya que si no existe un control y vigilancia para entrada del material vegetal, existe el riesgo de una proliferacion de la enfermedad "
11/3/2023,Pereira,4,9,"9.	Las regulaciones de cuarentena dÃ©biles o ineficaces pueden permitir la diseminaciÃ³n de Foc-R4T",Muy de acuerdo,Alto por que no existe una buena vigilancia y control de este
11/3/2023,Pereira,4,10,"10.	Ciertos insectos pueden contribuir a la transmisiÃ³n de Foc-R4T",Muy de acuerdo,Alto ya que el picudo puede ser un vector de infeccion para la planta 
11/3/2023,Pereira,4,11,"11.	La mala implementaciÃ³n de medidas de bioseguridad, la eliminaciÃ³n inadecuada de las plantas y el manejo deficiente de las plantaciones  pueden aumentar el riesgo de propagaciÃ³n de Foc-R4T",Muy de acuerdo,"Alto, ya que una mala fertilizacion hace que sea mas facil de contraer la enfermedad la planta "
11/3/2023,Pereira,4,12,"12.	El trÃ¡fico humano hacia y desde las regiones infectadas puede introducir inadvertidamente Foc-R4T a nuevas Ã¡reas",Muy de acuerdo,"Alto, por la contaminacion cruzada por medio de calzado, vehiculos y demas"
11/3/2023,Pereira,4,13,"13.	El monitoreo inadecuado puede retrasar la detecciÃ³n y futura contenciÃ³n del Foc-R4T",Muy de acuerdo,"Alto ya que se debe hacer un buen monitoreo y reporte del
Informe arrojado para mayor control "
11/3/2023,Pereira,4,14,14. Las propiedades quÃ­micas del suelo son factores que afectan el desarrollo de epidemias de  Foc-R4T,De acuerdo,Alto ya que los suelos acidos y mal fortalecidos son mas debiles a contraer la enfermedad 
11/3/2023,Pereira,4,15,"15.	La biota del suelo es un factor que afecta el desarrollo de epidemias de Foc-R4T",De acuerdo,El desequilibrio de la biota del suelo es un factor de riesgo para contraer la enfermedad con facilidad 
11/3/2023,Pereira,4,16,"16.	La temperatura en un factor que afectan el desarrollo de epidemias de Foc-R4T",Muy de acuerdo,"Alto, ya que altas temperaturas puede ser detonante de dispersion"
11/3/2023,Pereira,4,17,"17.	Las tormentas representan un riesgo asociado a la dispersiÃ³n de Foc-R4T",Muy de acuerdo,Alto ya que existe una dispersion por medio del agua y la lluvia 
11/3/2023,Pereira,4,18,"18.	El viento presenta un efecto de riesgo asociado a la dispersiÃ³n de Foc-R4T",Muy de acuerdo,"Alto, ya que es un dispersor de la enfermedad "
11/3/2023,Pereira,4,19,"19.	La precipitaciÃ³n es un factor de riesgo en epidemias de Foc R4T",Muy de acuerdo,Alto ya que la lluvia puede ser un detonante para la propagacion de la enfermedad 
11/3/2023,Pereira,4,20,"20.	ConexiÃ³n de redes de drenaje entre lotes y cultivos de banano es un factor de riesgo en epidemias de  Foc R4T",Ni de acuerdo ni en desacuerdo,Bajo ya que no contamos con drenajes de evacuacion 
11/3/2023,Pereira,4,21,"21.	 Otros hospederos son un factor de riesgo en epidemias Foc R4T",Muy de acuerdo,Alto 
11/3/2023,Pereira,4,22,"22.	El cambio climÃ¡tico es un factor de riesgo en epidemias Foc R4T",Muy de acuerdo,Alto
11/3/2023,Pereira,4,23,23. Las propiedades fÃ­sicas del suelo son factores que afectan el desarrollo de epidemias de  Foc-R4T,Muy de acuerdo,Alto 
11/3/2023,Pereira,5,1,"1.	El movimiento de suelo contaminado es un factor de riesgo para introducir Foc-R4T a nuevas Ã¡reas",Muy de acuerdo,"Es UN factor de riesgo importante entre otros por El relieve de la zona, la dificultad para restringir la movilidad de personas, vehiculos y animales. El relieve favorece la erosion y El movimiento de suelo contaminado a otras zonas. Ha pasado previamente con Moko en la zona."
11/3/2023,Pereira,5,2,"2.	El movimiento de plantas contaminadas (material vegetal de siembra o residuos de cultivos) es un factor de riesgo para introducir Foc-R4T a nuevas Ã¡reas.",Muy de acuerdo,"Material de siembra SE mueve libremente en Los territorios, no hay trazabilidad del material registrado y la demanda no SE satisface localmente. No hay planificacion de areas productivas y fluctua mucho con los precios de Venta para consumo director."
11/3/2023,Pereira,5,3,"3.	Plantas asintomÃ¡ticas dentro del cultivo son un factor de riesgo como fuente de inÃ³culo de Foc-R4T",Muy de acuerdo,"La percepcion de riesgo es alta porque El material de propagacion SE obtiene libremente en Las zonas productoras y SE mueve con igual libertad. Las restricciones gubernamentales no son suficientes para evitarlo.
La confusion que pueden generar los sintomas iniciales puede llevar a tomar medidas que pueden favorecer incluso la dispersion
"
11/3/2023,Pereira,5,4,"4.	Movimiento de equipos agrÃ­colas contaminados (herramientas, vehÃ­culos, equipos, etc...) son factores que pueden diseminar Foc-R4T",Muy de acuerdo,En muchas zonas la oferta de Mano de obra SE ofrece en grupos de trabajadores que no tienen precauciones o entrenamiento en medidas preventivas. Sensibilizacion es necesaria para que todos Sean agentes de prevencion.
11/3/2023,Pereira,5,5,"5.	La presencia de pequeÃ±os focos de Foc-R4T en Ã¡reas remotas impide que sean identificados y contenidos",Muy de acuerdo,"Es de alto riesgo igualmente porque puede ser El Punto de origen de difusion de patogenos. Algunas zonas aisladas ,por falta de difusion del riesgo, pueden ser los que pueden iniciar El movimiento del patogeno. Nuestra informalidad en El cultivo de platano puede representar mayor riesgo porque en areas pequeñas pueden surgir los focos."
11/3/2023,Pereira,5,6,"6.	Foc-R4T puede ser transportado por el agua, lo que lleva a la contaminaciÃ³n de las Ã¡reas aguas abajo",Muy de acuerdo,"En Las zonas donde llegan aguas de escorrentia, como en Las zonas bajas de montaña  puede haber mayor riesgo. Igualmente la acumulacion o disposicion de material contaminado cerca a Fuentes de agua, practica comun, puede ser tambien foco de dispersion."
11/3/2023,Pereira,5,7,"7.	El movimiento de material vegetal infectado, como plÃ¡ntulas o cormos, por parte de los seres humanos puede propagar Foc-R4T",Muy de acuerdo,"En Este cultivo, como en muchos de zonas tropicales los cultivos que SE propagan vegetativamente tienen mayor probabilidad de moverse con los humanos."
11/3/2023,Pereira,5,8,"8.	El comercio internacional de plantas y partes de plantas de banano y plÃ¡tano puede facilitar la difusiÃ³n a larga distancia de Foc-R4T",De acuerdo,Si SE tratara de movilidad de material desde Ecuador y Venezuela si hay riesgo porque hay mayor probabilidad de traer material como Planta y cormos. De otros paises la restricciones impuestas por El ICA y a que SE introduciria material in vitro El riesgo tenderia a cero.
11/3/2023,Pereira,5,9,"9.	Las regulaciones de cuarentena dÃ©biles o ineficaces pueden permitir la diseminaciÃ³n de Foc-R4T",Muy de acuerdo,Las regulaciones impuestas con comercio informal de material vegetal contaminado resulta muy riesgoso
11/3/2023,Pereira,5,10,"10.	Ciertos insectos pueden contribuir a la transmisiÃ³n de Foc-R4T",Muy de acuerdo,"El picudo del platano puede desplazarse entre plantas con gran eficacia, puede volar aunque no a grandes distacias. Seria importante en areas pequeñas."
11/3/2023,Pereira,5,11,"11.	La mala implementaciÃ³n de medidas de bioseguridad, la eliminaciÃ³n inadecuada de las plantas y el manejo deficiente de las plantaciones  pueden aumentar el riesgo de propagaciÃ³n de Foc-R4T",Muy de acuerdo,La bioseguridad podri­a SEr importante para la dispersion. Sin embargo la eliminacion de plantas inadecuada puede favorecer El incremento del inoculo.
11/3/2023,Pereira,5,12,"12.	El trÃ¡fico humano hacia y desde las regiones infectadas puede introducir inadvertidamente Foc-R4T a nuevas Ã¡reas",Muy de acuerdo,Es uno de Las mejores Fuentes de diseminacion en UN Pais agricola como Colombia con Alta movilidad de Mano de obra asociada Al cultivo de cafe 
11/3/2023,Pereira,5,13,"13.	El monitoreo inadecuado puede retrasar la detecciÃ³n y futura contenciÃ³n del Foc-R4T",Muy de acuerdo,La Frecuencia del monitoreo puede permitir la identificacion de areas problema. Educar a los trabajadores puede SEr estrategico en Las labores de prevencion 
11/3/2023,Pereira,5,14,14. Las propiedades quÃ­micas del suelo son factores que afectan el desarrollo de epidemias de  Foc-R4T,De acuerdo,Sin embargo los rangos de adaptacion de Los patogenos son amplios luego no necesariamente esta caracteristica impediri­a de forma significativa El desarrollo De la epidemia
11/3/2023,Pereira,5,15,"15.	La biota del suelo es un factor que afecta el desarrollo de epidemias de Foc-R4T",Muy de acuerdo,UN suelo mas diverso en microorganismos puede evitar El crecimiento del patogeno y por consiguiente de epidemias
11/3/2023,Pereira,5,16,"16.	La temperatura en un factor que afectan el desarrollo de epidemias de Foc-R4T",Muy de acuerdo,Es UN factor importante del triangulo de la enfermedad y Este patogeno SE ha adaptado a zonas tropicales y subtropicales. 
11/3/2023,Pereira,5,17,"17.	Las tormentas representan un riesgo asociado a la dispersiÃ³n de Foc-R4T",Muy de acuerdo,"El movimiento de suelo, agua, insectos por Las tormentas puede favorecer localmente la dispersion "
11/3/2023,Pereira,5,18,"18.	El viento presenta un efecto de riesgo asociado a la dispersiÃ³n de Foc-R4T",De acuerdo,Seria muy Baja la probabilidad. El movimiento de vectores podria ser lo unico favorecido.
11/3/2023,Pereira,5,19,"19.	La precipitaciÃ³n es un factor de riesgo en epidemias de Foc R4T",Muy de acuerdo,"Igual Al riesgo que representan Las tormentas por El movimiento del agua, con El riesgo mayor en zonas bajas que reciben agua de escorrentia"
11/3/2023,Pereira,5,20,"20.	ConexiÃ³n de redes de drenaje entre lotes y cultivos de banano es un factor de riesgo en epidemias de  Foc R4T",Muy de acuerdo,En platano no representa riesgo porque no SE USA El riego. En platano si y seri­a importante tener mapas de movimiento de aguas por zonas
11/3/2023,Pereira,5,21,"21.	 Otros hospederos son un factor de riesgo en epidemias Foc R4T",Muy de acuerdo,"Si las arvenses, ornamentales y otras plantas acompañantes podri­an ser importantes en El riesgo "
11/3/2023,Pereira,5,22,"22.	El cambio climÃ¡tico es un factor de riesgo en epidemias Foc R4T",Muy de acuerdo,"Si puesto que puede desencadenar reubicacion de zonas productoras, igual mente condiciones extremas generan mayor susceptibilidad de plantas por estres "
11/3/2023,Pereira,5,23,23. Las propiedades fÃ­sicas del suelo son factores que afectan el desarrollo de epidemias de  Foc-R4T,Muy de acuerdo,En relacion a la movilidad del agua desfavorecida por suelos con altos contenidos de arcillas puede resultar mas importante para El desarrollo de la epidemia. Suelos livianos podrian aumentar El movimiento del agua de zonas altas a bajas
11/3/2023,Pereira,6,1,"1.	El movimiento de suelo contaminado es un factor de riesgo para introducir Foc-R4T a nuevas Ã¡reas",Muy de acuerdo,Transporta patogenos
11/3/2023,Pereira,6,2,"2.	El movimiento de plantas contaminadas (material vegetal de siembra o residuos de cultivos) es un factor de riesgo para introducir Foc-R4T a nuevas Ã¡reas.",Muy de acuerdo,Porque se adhiere y ayuda a su facil diseminacion
11/3/2023,Pereira,6,3,"3.	Plantas asintomÃ¡ticas dentro del cultivo son un factor de riesgo como fuente de inÃ³culo de Foc-R4T",De acuerdo,Si porque existe patogenos que en cualquier momento puede manifestar sintomas.
11/3/2023,Pereira,6,4,"4.	Movimiento de equipos agrÃ­colas contaminados (herramientas, vehÃ­culos, equipos, etc...) son factores que pueden diseminar Foc-R4T",Muy de acuerdo,Si porque las clamidosporas se adhieren facilmente a cualquier superficie o material quedando latentes por  40 años 
11/3/2023,Pereira,6,5,"5.	La presencia de pequeÃ±os focos de Foc-R4T en Ã¡reas remotas impide que sean identificados y contenidos",Muy de acuerdo,Porque no son vigilados y no reportan a las instituciones.
11/3/2023,Pereira,6,6,"6.	Foc-R4T puede ser transportado por el agua, lo que lleva a la contaminaciÃ³n de las Ã¡reas aguas abajo",Muy de acuerdo,"El patogeno sobrevive en el agua y es un factor de diseminacion 
"
11/3/2023,Pereira,6,7,"7.	El movimiento de material vegetal infectado, como plÃ¡ntulas o cormos, por parte de los seres humanos puede propagar Foc-R4T",Muy de acuerdo,Se transporta facilmente por que ya son plantulas enfermas
11/3/2023,Pereira,6,8,"8.	El comercio internacional de plantas y partes de plantas de banano y plÃ¡tano puede facilitar la difusiÃ³n a larga distancia de Foc-R4T",De acuerdo,Es importante y hay reglamentacion por parte del ICA de no transportar material vegetal para evitar la diseminacion 
11/3/2023,Pereira,6,9,"9.	Las regulaciones de cuarentena dÃ©biles o ineficaces pueden permitir la diseminaciÃ³n de Foc-R4T",Muy de acuerdo,Por que para evitar la desiminacion se debe ser energicos en la norma
11/3/2023,Pereira,6,10,"10.	Ciertos insectos pueden contribuir a la transmisiÃ³n de Foc-R4T",De acuerdo,Transporta de un lugar a otro el patogeno 
11/3/2023,Pereira,6,11,"11.	La mala implementaciÃ³n de medidas de bioseguridad, la eliminaciÃ³n inadecuada de las plantas y el manejo deficiente de las plantaciones  pueden aumentar el riesgo de propagaciÃ³n de Foc-R4T",Muy de acuerdo,Si no se adoptan las medidas se facilita la dispersion 
11/3/2023,Pereira,6,12,"12.	El trÃ¡fico humano hacia y desde las regiones infectadas puede introducir inadvertidamente Foc-R4T a nuevas Ã¡reas",Muy de acuerdo,Si porque no hay medidas de control en desinfeccion y prevencion 
11/3/2023,Pereira,6,13,"13.	El monitoreo inadecuado puede retrasar la detecciÃ³n y futura contenciÃ³n del Foc-R4T",Muy de acuerdo,Si no se diagnostica una planta a tiempo se convierte en foco de infeccion 
11/3/2023,Pereira,6,14,14. Las propiedades quÃ­micas del suelo son factores que afectan el desarrollo de epidemias de  Foc-R4T,Muy de acuerdo,Si influyen y de acuerdo a las condiciones quimicas del suelo el patogeno puede sobrevivir o no
11/3/2023,Pereira,6,15,"15.	La biota del suelo es un factor que afecta el desarrollo de epidemias de Foc-R4T",De acuerdo,Los patogenos son habitantes naturales del suelo
11/3/2023,Pereira,6,16,"16.	La temperatura en un factor que afectan el desarrollo de epidemias de Foc-R4T",Muy de acuerdo,A mayor temperatura es mas facil el desarrollo del patogeno 
11/3/2023,Pereira,6,17,"17.	Las tormentas representan un riesgo asociado a la dispersiÃ³n de Foc-R4T",De acuerdo,Por que son factores que transportan el patogeno 
11/3/2023,Pereira,6,18,"18.	El viento presenta un efecto de riesgo asociado a la dispersiÃ³n de Foc-R4T",De acuerdo,El viento transporta los conidios
11/3/2023,Pereira,6,19,"19.	La precipitaciÃ³n es un factor de riesgo en epidemias de Foc R4T",Muy de acuerdo,El agua transporta las ascosporas
11/3/2023,Pereira,6,20,"20.	ConexiÃ³n de redes de drenaje entre lotes y cultivos de banano es un factor de riesgo en epidemias de  Foc R4T",Ni de acuerdo ni en desacuerdo,Por esta region no utilizamos sistema de riego y el agua por ladera es mas por escorrentia
11/3/2023,Pereira,6,21,"21.	 Otros hospederos son un factor de riesgo en epidemias Foc R4T",De acuerdo,Por que estan latentes en los lotes y territorio
11/3/2023,Pereira,6,22,"22.	El cambio climÃ¡tico es un factor de riesgo en epidemias Foc R4T",De acuerdo,Por que se manifiesta en extremo lluvias o verano
11/3/2023,Pereira,6,23,23. Las propiedades fÃ­sicas del suelo son factores que afectan el desarrollo de epidemias de  Foc-R4T,En desacuerdo,Afecta por las condiciones del suelo pueden influir en el desarrollo acelerado del patogeno 
11/3/2023,Pereira,7,1,"1.	El movimiento de suelo contaminado es un factor de riesgo para introducir Foc-R4T a nuevas Ã¡reas",Muy de acuerdo,"El suelo si es un factor de riesgo muy alto tanto en transporte de material vegetal, como suelo en calzado y llantas de vehiculos "
11/3/2023,Pereira,7,2,"2.	El movimiento de plantas contaminadas (material vegetal de siembra o residuos de cultivos) es un factor de riesgo para introducir Foc-R4T a nuevas Ã¡reas.",Muy de acuerdo,"El riesgo es muy alto, se pueden estar transportando material vegetal asintomatico a nuevas regiones"
11/3/2023,Pereira,7,3,"3.	Plantas asintomÃ¡ticas dentro del cultivo son un factor de riesgo como fuente de inÃ³culo de Foc-R4T",Muy de acuerdo,"Las plantas asintomaticas facilitan la dispersion de la plaga porque no se pueden identificar a tiempo los focos de la plaga y se siguen realizando las labores de manejo, contaminando herramientas, suelo, agua."
11/3/2023,Pereira,7,4,"4.	Movimiento de equipos agrÃ­colas contaminados (herramientas, vehÃ­culos, equipos, etc...) son factores que pueden diseminar Foc-R4T",Muy de acuerdo,"El riesgo es muy alto, alla puede venir la fuente de inoculo de la plaga"
11/3/2023,Pereira,7,5,"5.	La presencia de pequeÃ±os focos de Foc-R4T en Ã¡reas remotas impide que sean identificados y contenidos",Muy de acuerdo,"Muy de acuerdo, esta condicion facilita el aumento de la incidencia de brotes de la plaga"
11/3/2023,Pereira,7,6,"6.	Foc-R4T puede ser transportado por el agua, lo que lleva a la contaminaciÃ³n de las Ã¡reas aguas abajo",Muy de acuerdo,"Alto, por las condiciones geograficas del eje cafetero las aguas de escorrentia facilitarian la dispersion de esta plaga "
11/3/2023,Pereira,7,7,"7.	El movimiento de material vegetal infectado, como plÃ¡ntulas o cormos, por parte de los seres humanos puede propagar Foc-R4T",Muy de acuerdo,"Muy alto, por ahi llega la plaga a las fincas "
11/3/2023,Pereira,7,8,"8.	El comercio internacional de plantas y partes de plantas de banano y plÃ¡tano puede facilitar la difusiÃ³n a larga distancia de Foc-R4T",Muy de acuerdo,El riesgo de dispersion de las plagas es altisimo...el transporte de plantas a nivel internacional es un riesgo muy alto 
11/3/2023,Pereira,7,9,"9.	Las regulaciones de cuarentena dÃ©biles o ineficaces pueden permitir la diseminaciÃ³n de Foc-R4T",Muy de acuerdo,"Totalmente de acuerdo, se requiere un ente de control fortalecido"
11/3/2023,Pereira,7,10,"10.	Ciertos insectos pueden contribuir a la transmisiÃ³n de Foc-R4T",Muy de acuerdo,"Muy de acuerdo, el complejo del picudo, Insectos chupadores"
11/3/2023,Pereira,7,11,"11.	La mala implementaciÃ³n de medidas de bioseguridad, la eliminaciÃ³n inadecuada de las plantas y el manejo deficiente de las plantaciones  pueden aumentar el riesgo de propagaciÃ³n de Foc-R4T",Muy de acuerdo,"Totalmente de acuerdo, se requiere mucha sensibilizacion "
11/3/2023,Pereira,7,12,"12.	El trÃ¡fico humano hacia y desde las regiones infectadas puede introducir inadvertidamente Foc-R4T a nuevas Ã¡reas",Muy de acuerdo,"De acuerdo, el patogeno se puede dispersar en el calzado y llantas de vehi­culos "
11/3/2023,Pereira,7,13,"13.	El monitoreo inadecuado puede retrasar la detecciÃ³n y futura contenciÃ³n del Foc-R4T",Muy de acuerdo,El desconocimiento de los sintomas o mal esquema de monitoreo efectivamente retrasa la identificacion y contencion de los brotes
11/3/2023,Pereira,7,14,14. Las propiedades quÃ­micas del suelo son factores que afectan el desarrollo de epidemias de  Foc-R4T,Muy de acuerdo,Las condiciones de pH desfavorable para el cultivo puede favorecer la incidencia de la plaga
11/3/2023,Pereira,7,15,"15.	La biota del suelo es un factor que afecta el desarrollo de epidemias de Foc-R4T",Muy de acuerdo,La falta de microorganismos beneficos y equilibrio biologico da espacio a la proliferacion de patogenos 
11/3/2023,Pereira,7,16,"16.	La temperatura en un factor que afectan el desarrollo de epidemias de Foc-R4T",Muy de acuerdo,A mayor temperatura mayor funcionamiento del metabolismo de las plantas 
11/3/2023,Pereira,7,17,"17.	Las tormentas representan un riesgo asociado a la dispersiÃ³n de Foc-R4T",Muy de acuerdo,"Muy de acuerdo, las corrientes de agua y condiciones de inundaciones favorecen la dispersion de la plaga"
11/3/2023,Pereira,7,18,"18.	El viento presenta un efecto de riesgo asociado a la dispersiÃ³n de Foc-R4T",En desacuerdo,En desacuerdo 
11/3/2023,Pereira,7,19,"19.	La precipitaciÃ³n es un factor de riesgo en epidemias de Foc R4T",Muy de acuerdo,"Muy de acuerdo, las lluvias generan aguas de escorrentia y en algunos casos inundaciones "
11/3/2023,Pereira,7,20,"20.	ConexiÃ³n de redes de drenaje entre lotes y cultivos de banano es un factor de riesgo en epidemias de  Foc R4T",Muy de acuerdo,Muy de acuerdo 
11/3/2023,Pereira,7,21,"21.	 Otros hospederos son un factor de riesgo en epidemias Foc R4T",Muy de acuerdo,Hospederos alternos como las arvenses son in factor de riesgo inminente para Foc R4T 
11/3/2023,Pereira,7,22,"22.	El cambio climÃ¡tico es un factor de riesgo en epidemias Foc R4T",Muy de acuerdo,El cambio climatico puede generar cambio en la vocacion productiva de algunas regiones
11/3/2023,Pereira,7,23,23. Las propiedades fÃ­sicas del suelo son factores que afectan el desarrollo de epidemias de  Foc-R4T,De acuerdo,"Alto, condiciones como las de un suelo arcilloso , por ejemplo, pueden facilitar la permanencia de laminas de agua en un cultivo "
11/3/2023,Pereira,8,1,"1.	El movimiento de suelo contaminado es un factor de riesgo para introducir Foc-R4T a nuevas Ã¡reas",Muy de acuerdo,"Se compra material de propagacion de musaceas en bolsa (el sustrato es alto riesgo)

El transporte de suelo en vehiculos, calzado, etc

No se tienen implementadas medidas de bioseguridad"
11/3/2023,Pereira,8,2,"2.	El movimiento de plantas contaminadas (material vegetal de siembra o residuos de cultivos) es un factor de riesgo para introducir Foc-R4T a nuevas Ã¡reas.",Muy de acuerdo,Se compra material no certificado y se trae material sin confirmar su estado fitosanitario
11/3/2023,Pereira,8,3,"3.	Plantas asintomÃ¡ticas dentro del cultivo son un factor de riesgo como fuente de inÃ³culo de Foc-R4T",Muy de acuerdo,Una planta asintomatica sigue siendo fuente de inoculo y de dispersion para las demas plantas
11/3/2023,Pereira,8,4,"4.	Movimiento de equipos agrÃ­colas contaminados (herramientas, vehÃ­culos, equipos, etc...) son factores que pueden diseminar Foc-R4T",Muy de acuerdo,Porque los equipos agricolas transportan suelo que puede ser contaminado con Fusarium
11/3/2023,Pereira,8,5,"5.	La presencia de pequeÃ±os focos de Foc-R4T en Ã¡reas remotas impide que sean identificados y contenidos",Muy de acuerdo,"Si no se detecta, no se controla y hay mayor riesgo de dispersion"
11/3/2023,Pereira,8,6,"6.	Foc-R4T puede ser transportado por el agua, lo que lleva a la contaminaciÃ³n de las Ã¡reas aguas abajo",Muy de acuerdo,"Las lluvias, las fuentes hidricas, los residuos que se ponen en ellas pueden enfermar otras plantas"
11/3/2023,Pereira,8,7,"7.	El movimiento de material vegetal infectado, como plÃ¡ntulas o cormos, por parte de los seres humanos puede propagar Foc-R4T",Muy de acuerdo,Sirve de fuente de dispersion asi­ como el material de siembra
11/3/2023,Pereira,8,8,"8.	El comercio internacional de plantas y partes de plantas de banano y plÃ¡tano puede facilitar la difusiÃ³n a larga distancia de Foc-R4T",Muy de acuerdo,El riesgo de usar los fragmentos de residuos de cosecha para preparar compostados o lixiviados es alto
11/3/2023,Pereira,8,9,"9.	Las regulaciones de cuarentena dÃ©biles o ineficaces pueden permitir la diseminaciÃ³n de Foc-R4T",Muy de acuerdo,"Se deben realizar los protocolos con todos los pasos
Todas las medidas de bioseguridad son necesarias para mantener la zona limpia"
11/3/2023,Pereira,8,10,"10.	Ciertos insectos pueden contribuir a la transmisiÃ³n de Foc-R4T",Muy de acuerdo,"Picudo, hormiga arriera, insectos chupadores pueden pegarse a los insectos y transmitir el hongo"
11/3/2023,Pereira,8,11,"11.	La mala implementaciÃ³n de medidas de bioseguridad, la eliminaciÃ³n inadecuada de las plantas y el manejo deficiente de las plantaciones  pueden aumentar el riesgo de propagaciÃ³n de Foc-R4T",Muy de acuerdo,La clave es la bioseguridad y el conocimiento tecnico
11/3/2023,Pereira,8,12,"12.	El trÃ¡fico humano hacia y desde las regiones infectadas puede introducir inadvertidamente Foc-R4T a nuevas Ã¡reas",Muy de acuerdo,"Movimiento por calzado, materiales o uso de herramientas "
11/3/2023,Pereira,8,13,"13.	El monitoreo inadecuado puede retrasar la detecciÃ³n y futura contenciÃ³n del Foc-R4T",Muy de acuerdo,Si no se hace la inspeccion adecuadamente se contaminan los cultivos
11/3/2023,Pereira,8,14,14. Las propiedades quÃ­micas del suelo son factores que afectan el desarrollo de epidemias de  Foc-R4T,Muy de acuerdo,El suelo contiene el alimento de la planta y por eso su contenido es clave para que la planta se mantenga sana
11/3/2023,Pereira,8,15,"15.	La biota del suelo es un factor que afecta el desarrollo de epidemias de Foc-R4T",Muy de acuerdo,El balance de los organismos del suelo puede ayudar a que el hongo no prospere en ahi
11/3/2023,Pereira,8,16,"16.	La temperatura en un factor que afectan el desarrollo de epidemias de Foc-R4T",Muy de acuerdo,Se parece a la broca que se desarrolla mejor en epocas de calor
11/3/2023,Pereira,8,17,"17.	Las tormentas representan un riesgo asociado a la dispersiÃ³n de Foc-R4T",Muy de acuerdo,"El viento, el agua (inundaciones) y la caida de material contaminado puede propagar el hongo."
11/3/2023,Pereira,8,18,"18.	El viento presenta un efecto de riesgo asociado a la dispersiÃ³n de Foc-R4T",Muy de acuerdo,Puede transportar las esporas del hongo
11/3/2023,Pereira,8,19,"19.	La precipitaciÃ³n es un factor de riesgo en epidemias de Foc R4T",Muy de acuerdo,El relieve de la zona hace que la lluvia por escorrentia se transporten las estructuras del hongo
11/3/2023,Pereira,8,20,"20.	ConexiÃ³n de redes de drenaje entre lotes y cultivos de banano es un factor de riesgo en epidemias de  Foc R4T",En desacuerdo,"En desacuerdo ya que para el sistema productivo de platano, no se realizan drenajes. "
11/3/2023,Pereira,8,21,"21.	 Otros hospederos son un factor de riesgo en epidemias Foc R4T",Muy de acuerdo,Tanto las arvenses como las heliconias podrian ser hospederos del hongo y mantenerlo mientras ahi detecta la planta de platano
11/3/2023,Pereira,8,22,"22.	El cambio climÃ¡tico es un factor de riesgo en epidemias Foc R4T",Muy de acuerdo,"Las temporadas de fenomeno de niño o de la niña, pueden afectar las plantas, ya sea por la sequi­a o por exceso de lluvias. Asi mismo, las lluvias pueden propagar un foco de Fusarium"
11/3/2023,Pereira,8,23,23. Las propiedades fÃ­sicas del suelo son factores que afectan el desarrollo de epidemias de  Foc-R4T,Muy de acuerdo,El laboreo intenso de nuestra zona puede erosionar el suelo y asi compactarlo para favorecer la enfermedad
11/10/2023,Granada,9,1,"1.	El movimiento de suelo contaminado es un factor de riesgo para introducir Foc-R4T a nuevas Ã¡reas",De acuerdo,"En la preparación de suelos, preparación sin desinfección de implementos muchas veces proviniendo de  mecanizar lotes contaminados (desinfección de equipos)

*Pediluvios "
11/10/2023,Granada,9,2,"2.	El movimiento de plantas contaminadas (material vegetal de siembra o residuos de cultivos) es un factor de riesgo para introducir Foc-R4T a nuevas Ã¡reas.",Muy de acuerdo,Todo marial contaminado es un alto riesgo de contaminación y dispersión de la enfermedad en áreas  libres de la enfermedad.
11/10/2023,Granada,9,3,"3.	Plantas asintomÃ¡ticas dentro del cultivo son un factor de riesgo como fuente de inÃ³culo de Foc-R4T",Muy de acuerdo,"En la plantación existen plantas asintomáticas, se corre el riesgo de dispersar la enfermedad, delimitar estas plantas. "
11/10/2023,Granada,9,4,"4.	Movimiento de equipos agrÃ­colas contaminados (herramientas, vehÃ­culos, equipos, etc...) son factores que pueden diseminar Foc-R4T",Muy de acuerdo,Estos movimientos de equipos contaminados genera un alto riese de diseminación de la enfermedad.  
11/10/2023,Granada,9,5,"5.	La presencia de pequeÃ±os focos de Foc-R4T en Ã¡reas remotas impide que sean identificados y contenidos",NA,NA
11/10/2023,Granada,9,6,"6.	Foc-R4T puede ser transportado por el agua, lo que lleva a la contaminaciÃ³n de las Ã¡reas aguas abajo",Muy de acuerdo,El Foc R4T al entrar o estar en condiciones de alta humedad genera  fuente de inoculo ( condiciones propias). 
11/10/2023,Granada,9,7,"7.	El movimiento de material vegetal infectado, como plÃ¡ntulas o cormos, por parte de los seres humanos puede propagar Foc-R4T",Muy de acuerdo,Material vegetal infectado genera nivel alto de contaminación . 
11/10/2023,Granada,9,8,"8.	El comercio internacional de plantas y partes de plantas de banano y plÃ¡tano puede facilitar la difusiÃ³n a larga distancia de Foc-R4T",Muy de acuerdo,En el comercio internacional es que ingresó la enfermedad y facilitó la difusión a largas distancias.
11/10/2023,Granada,9,9,"9.	Las regulaciones de cuarentena dÃ©biles o ineficaces pueden permitir la diseminaciÃ³n de Foc-R4T",Muy de acuerdo,"Aumentar las regulaciones, ya que medidas débiles permiten diseminación.  "
11/10/2023,Granada,9,10,"10.	Ciertos insectos pueden contribuir a la transmisiÃ³n de Foc-R4T",Muy de acuerdo,Las plagas u otros animales pueden dispersar la enfermedad 
11/10/2023,Granada,9,11,"11.	La mala implementaciÃ³n de medidas de bioseguridad, la eliminaciÃ³n inadecuada de las plantas y el manejo deficiente de las plantaciones  pueden aumentar el riesgo de propagaciÃ³n de Foc-R4T",Muy de acuerdo,Todos estos problemas permiten que los problemas fitosanitarios tipo Foc R4T se incrementen. 
11/10/2023,Granada,9,12,"12.	El trÃ¡fico humano hacia y desde las regiones infectadas puede introducir inadvertidamente Foc-R4T a nuevas Ã¡reas",Muy de acuerdo,Uno de los vehículos a través del cual se puede diseminar la enfermedad. 
11/10/2023,Granada,9,13,"13.	El monitoreo inadecuado puede retrasar la detecciÃ³n y futura contenciÃ³n del Foc-R4T",Muy de acuerdo,"La implementación de medidas inadecuadas que permita detectar rápidamente la presencia de la enfermedad, puede ocasionar  la contaminación de la enfermedad.  "
11/10/2023,Granada,9,14,14. Las propiedades quÃ­micas del suelo son factores que afectan el desarrollo de epidemias de  Foc-R4T,En desacuerdo,"El patógeno se presenta en diferentes tipos de suelo, independiente de los contenidos nutricionales o químicos.  "
11/10/2023,Granada,9,15,"15.	La biota del suelo es un factor que afecta el desarrollo de epidemias de Foc-R4T",De acuerdo,Consideramos que suelos con alta actividad biótica  presenta posibilidad a  antagonismo o competencia  lo que podría reducir el  avance y establecimiento de la enfermedad. 
11/10/2023,Granada,9,16,"16.	La temperatura en un factor que afectan el desarrollo de epidemias de Foc-R4T",Ni de acuerdo ni en desacuerdo,Actualmente consideramos que no existe información suficiente  que nos permita  desmentir u concepto valido al respecto
11/10/2023,Granada,9,17,"17.	Las tormentas representan un riesgo asociado a la dispersiÃ³n de Foc-R4T",De acuerdo,Si porque generan inundaciones y  dispersión de la enfermedad 
11/10/2023,Granada,9,18,"18.	El viento presenta un efecto de riesgo asociado a la dispersiÃ³n de Foc-R4T",En desacuerdo,El viento no es un factor determinante en la enfermedad.
11/10/2023,Granada,9,19,"19.	La precipitaciÃ³n es un factor de riesgo en epidemias de Foc R4T",Muy de acuerdo,"La precipitación causa escorrentía, además de  inundaciones, por lo que se favorece las condiciones para dispersión del Foc R4T. "
11/10/2023,Granada,9,20,"20.	ConexiÃ³n de redes de drenaje entre lotes y cultivos de banano es un factor de riesgo en epidemias de  Foc R4T",Muy de acuerdo,"Generan taponamiento, inundaciones y la enfermedad se mueve en la humedad "
11/10/2023,Granada,9,21,"21.	 Otros hospederos son un factor de riesgo en epidemias Foc R4T",Muy de acuerdo,"Si, pueden ser plantas de inoculo de la enfermedad como otras musáceas  ornamentales. "
11/10/2023,Granada,9,22,"22.	El cambio climÃ¡tico es un factor de riesgo en epidemias Foc R4T",Muy de acuerdo,"Los cambios climáticos ocasionan desbalance en las condiciones , en caso de tornarse favorables para la enfermedad.   "
11/10/2023,Granada,9,23,23. Las propiedades fÃ­sicas del suelo son factores que afectan el desarrollo de epidemias de  Foc-R4T,Muy de acuerdo,"Suelos con deficiente drenaje o contenidos altos de arcilla mantienen saturados de agua, hay escorrentía y favorece el desarrollo de la enfermedad"
11/10/2023,Granada,10,1,"1.	El movimiento de suelo contaminado es un factor de riesgo para introducir Foc-R4T a nuevas Ã¡reas",Muy de acuerdo,"El movimiento de suelo contaminado lo consideramos de muy alto riesgo debido a que los productores usan las maquinas sin lavado y desinfección, comparte la maquinaria y los trabajadores se mueven entre fincas sin lavado y desinfección de calzado.
 La semilla es otro factor de riesgo por intercambio y comercialización con el suelo adherido.
 Paso de animales domestico entre finca es otro riesgo alto. "
11/10/2023,Granada,10,2,"2.	El movimiento de plantas contaminadas (material vegetal de siembra o residuos de cultivos) es un factor de riesgo para introducir Foc-R4T a nuevas Ã¡reas.",Muy de acuerdo,El movimiento de material contaminado es un factor de muy alto riesgo porque puede llegar a lugares libres de la enfermedad y dispersarse muy rápidamente.  
11/10/2023,Granada,10,3,"3.	Plantas asintomÃ¡ticas dentro del cultivo son un factor de riesgo como fuente de inÃ³culo de Foc-R4T",Muy de acuerdo,"Las plantas asintomáticas representan un riesgo latente como inoculo de la enfermedad, porque se comparten semillas entre productores sin evidenciar la presencia de síntomas. "
11/10/2023,Granada,10,4,"4.	Movimiento de equipos agrÃ­colas contaminados (herramientas, vehÃ­culos, equipos, etc...) son factores que pueden diseminar Foc-R4T",Muy de acuerdo,Los equipos agrícolas contaminados diseminan la enfermedad debido a que no hay medidas de lavado y desinfección preventivas y postpuso.  
11/10/2023,Granada,10,5,"5.	La presencia de pequeÃ±os focos de Foc-R4T en Ã¡reas remotas impide que sean identificados y contenidos",Muy de acuerdo,En las zonas remotas es poco posible que entidades del estado lleguen para hacer la identificación y contención de la enfermedad además en un lugar remoto las condiciones de comunicación y falta de información por parte de los agricultores dificulta la identificación y un primer reporte. 
11/10/2023,Granada,10,6,"6.	Foc-R4T puede ser transportado por el agua, lo que lleva a la contaminaciÃ³n de las Ã¡reas aguas abajo",Muy de acuerdo,En el meta se siembra plátano Las Vegas de los ríos en zonas inundables y también en cercas de afluentes por lo tanto existe un riesgo de contaminación por aguas de inundación que desplaza el inóculo finca a finca.
11/10/2023,Granada,10,7,"7.	El movimiento de material vegetal infectado, como plÃ¡ntulas o cormos, por parte de los seres humanos puede propagar Foc-R4T",Muy de acuerdo,El movimiento de material vegetal infectada por seres humanos es la vía más directa de contaminación de nuevos predios.
11/10/2023,Granada,10,8,"8.	El comercio internacional de plantas y partes de plantas de banano y plÃ¡tano puede facilitar la difusiÃ³n a larga distancia de Foc-R4T",En desacuerdo,La importación de semilla de países que ya tienen la enfermedad representan un riesgo alto para que la enfermedad se disemine en el caso del departamento del meta no estamos de acuerdo debido a que no hay importación y exportación y este proceso es altamente regulado. 
11/10/2023,Granada,10,9,"9.	Las regulaciones de cuarentena dÃ©biles o ineficaces pueden permitir la diseminaciÃ³n de Foc-R4T",En desacuerdo,Porque las normas de regulación para la cuarentena son estrictas y se aplican a nivel nacional. 
11/10/2023,Granada,10,10,"10.	Ciertos insectos pueden contribuir a la transmisiÃ³n de Foc-R4T",Muy de acuerdo,La literatura reporta el picudo como posible vehículo del patógeno y consideramos que por la alta población de picudo en el meta es un alto riesgo.  
11/10/2023,Granada,10,11,"11.	La mala implementaciÃ³n de medidas de bioseguridad, la eliminaciÃ³n inadecuada de las plantas y el manejo deficiente de las plantaciones  pueden aumentar el riesgo de propagaciÃ³n de Foc-R4T",Muy de acuerdo,"A nivel regional no se ha implementado medidas de bioseguridad, los productores no la aplican "
11/10/2023,Granada,10,12,"12.	El trÃ¡fico humano hacia y desde las regiones infectadas puede introducir inadvertidamente Foc-R4T a nuevas Ã¡reas",Muy de acuerdo,El Meta recibe trabajadores que se mueven de las zonas infectadas hacia nuestro departamento como se evidencia en el mapa. 
11/10/2023,Granada,10,13,"13.	El monitoreo inadecuado puede retrasar la detecciÃ³n y futura contenciÃ³n del Foc-R4T",En desacuerdo,"Se realizan monitoreos a nivel departamental, se tiene una base de datos de predios y plantas monitoreadas y se han establecido convenios con instituciones público-privadas para que el monitoreo sea más eficaz. "
11/10/2023,Granada,10,14,14. Las propiedades quÃ­micas del suelo son factores que afectan el desarrollo de epidemias de  Foc-R4T,Muy de acuerdo,Las condiciones químicas del suelo del departamento del meta son favorables para el establecimiento del patógeno. 
11/10/2023,Granada,10,15,"15.	La biota del suelo es un factor que afecta el desarrollo de epidemias de Foc-R4T",Muy de acuerdo, La biota del suelo del departamento del meta es escasa en diversidad y cantidad. 
11/10/2023,Granada,10,16,"16.	La temperatura en un factor que afectan el desarrollo de epidemias de Foc-R4T",Muy de acuerdo,La variación de temperaturas en el departamento del Meta es muy alta existen momentos en los cuales se reportan temperaturas superiores a 40 °C y en esta situación la planta se estresa y puede permitir el ingreso de patógenos. 
11/10/2023,Granada,10,17,"17.	Las tormentas representan un riesgo asociado a la dispersiÃ³n de Foc-R4T",Muy de acuerdo,En el departamento del meta existen altas precipitaciones asociadas a inundaciones.
11/10/2023,Granada,10,18,"18.	El viento presenta un efecto de riesgo asociado a la dispersiÃ³n de Foc-R4T",Muy de acuerdo,En el departamento hay temporadas en las que las ráfagas de viento pueden arrasar cultivos completos.
11/10/2023,Granada,10,19,"19.	La precipitaciÃ³n es un factor de riesgo en epidemias de Foc R4T",Muy de acuerdo,En el departamento se reportan entre 3500mm a 4000mm al año en precipitaciones y por lo tanto representa un alto factor de riesgo.
11/10/2023,Granada,10,20,"20.	ConexiÃ³n de redes de drenaje entre lotes y cultivos de banano es un factor de riesgo en epidemias de  Foc R4T",Muy de acuerdo,En el departamento se reparte conales de drenaje en forma de caballoneo lo cual implica que sea un factor de riesgo estos caballones se comparten entre lotes y en algunos casos entre cultivos.
11/10/2023,Granada,10,21,"21.	 Otros hospederos son un factor de riesgo en epidemias Foc R4T",Muy de acuerdo,Los cultivos de plátano en el meta están asociados a arvenses y heliconias que son hospederos de la enfermedad.
11/10/2023,Granada,10,22,"22.	El cambio climÃ¡tico es un factor de riesgo en epidemias Foc R4T",Muy de acuerdo,"En el meta las condiciones climáticas son de alto riesgo por su variabilidad en términos de cambio de temperatura, alta humedad relativa, épocas prolongadas de sequía, lluvias y fuertes vientos."
11/10/2023,Granada,10,23,23. Las propiedades fÃ­sicas del suelo son factores que afectan el desarrollo de epidemias de  Foc-R4T,Muy de acuerdo,Las propiedades físicas de los suelos agrícolas del meta son favorables para el desarrollo de la enfermedad se tienen tipo de suelos franco arcillosos arcillosos y arenosos con drenajes pobres y bajo contenido de materia orgánica.
11/10/2023,Granada,11,1,"1.	El movimiento de suelo contaminado es un factor de riesgo para introducir Foc-R4T a nuevas Ã¡reas",Muy de acuerdo,Nuestra percepción es muy de acuerdo debido a la falta de medidas de bioseguridad implementadas en los cultivos de la región por ejemplo la tierra que puede transportar el calzado la tierra que puede transportar un tractor u otra maquinaria agrícola la que puede traer una semilla. 
11/10/2023,Granada,11,2,"2.	El movimiento de plantas contaminadas (material vegetal de siembra o residuos de cultivos) es un factor de riesgo para introducir Foc-R4T a nuevas Ã¡reas.",Muy de acuerdo,Nuestra percepción es muy de acuerdo ya que pueden existir plantas hospederas del Foc R4T que puede contaminar nuevas áreas o áreas limpias. 
11/10/2023,Granada,11,3,"3.	Plantas asintomÃ¡ticas dentro del cultivo son un factor de riesgo como fuente de inÃ³culo de Foc-R4T",Muy de acuerdo,Nuestra percepción es que una planta asintomática es muy peligrosa ya que la podemos manipular involuntariamente e infectar todo el cultivo. 
11/10/2023,Granada,11,4,"4.	Movimiento de equipos agrÃ­colas contaminados (herramientas, vehÃ­culos, equipos, etc...) son factores que pueden diseminar Foc-R4T",Muy de acuerdo,Nuestra percepción es totalmente de acuerdo ya que en gran parte de la contaminación de las áreas limpias en los cultivos es a través de herramientas contaminadas.
11/10/2023,Granada,11,5,"5.	La presencia de pequeÃ±os focos de Foc-R4T en Ã¡reas remotas impide que sean identificados y contenidos",De acuerdo,Nuestra percepción es de acuerdo debido a que las partes lejanas islas en muchos casos los técnicos no llegan.
11/10/2023,Granada,11,6,"6.	Foc-R4T puede ser transportado por el agua, lo que lleva a la contaminaciÃ³n de las Ã¡reas aguas abajo",Muy de acuerdo,Estamos muy de acuerdo debido a que las aguas pueden contaminar los cultivos limpios. 
11/10/2023,Granada,11,7,"7.	El movimiento de material vegetal infectado, como plÃ¡ntulas o cormos, por parte de los seres humanos puede propagar Foc-R4T",Muy de acuerdo,Estamos muy de acuerdo porque una semilla contaminada multiplica el problema (contaminación de áreas limpias).
11/10/2023,Granada,11,8,"8.	El comercio internacional de plantas y partes de plantas de banano y plÃ¡tano puede facilitar la difusiÃ³n a larga distancia de Foc-R4T",Ni de acuerdo ni en desacuerdo,No estamos de acuerdo ni en desacuerdo ya que para exportar e importar semillas debe existir unos protocolos y parámetros de calidad muy estrictos pero es posible que se pueda presentar algún caso por las múltiples causas de contaminación ya conocidas. 
11/10/2023,Granada,11,9,"9.	Las regulaciones de cuarentena dÃ©biles o ineficaces pueden permitir la diseminaciÃ³n de Foc-R4T",Muy de acuerdo,Estamos muy de acuerdo debido que la cuarentena es el tiempo estimado por expertos de acuerdo a estudios previos que se requiere para saber si se puede o no seguir cultivando en dicho predio y de no cumplir con este parámetro podemos agravar el problema. 
11/10/2023,Granada,11,10,"10.	Ciertos insectos pueden contribuir a la transmisiÃ³n de Foc-R4T",Muy de acuerdo,Nuestra percepción es muy de acuerdo debido a que los insectos se mueven de planta en planta de las infectada a las sanas llevando virus y bacterias a las plantaciones saludables.
11/10/2023,Granada,11,11,"11.	La mala implementaciÃ³n de medidas de bioseguridad, la eliminaciÃ³n inadecuada de las plantas y el manejo deficiente de las plantaciones  pueden aumentar el riesgo de propagaciÃ³n de Foc-R4T",Muy de acuerdo,Estamos muy de acuerdo debido a que la mejor manera de controlar una enfermedad de alta diseminación de contagio es con la prevención.
11/10/2023,Granada,11,12,"12.	El trÃ¡fico humano hacia y desde las regiones infectadas puede introducir inadvertidamente Foc-R4T a nuevas Ã¡reas",De acuerdo,"Ya que las personas migrantes pueden traer la enfermedad en el calzado, alguna herramienta."
11/10/2023,Granada,11,13,"13.	El monitoreo inadecuado puede retrasar la detecciÃ³n y futura contenciÃ³n del Foc-R4T",De acuerdo,Estamos de acuerdo ya que si no se revisa bien pueden ser lotes contaminados no visualizados y esto agrava el problema. 
11/10/2023,Granada,11,14,14. Las propiedades quÃ­micas del suelo son factores que afectan el desarrollo de epidemias de  Foc-R4T,En desacuerdo,Ya que el contenido nutricional del suelo no afecta el desarrollo de la epidemia de Foc R4T
11/10/2023,Granada,11,15,"15.	La biota del suelo es un factor que afecta el desarrollo de epidemias de Foc-R4T",De acuerdo,Estamos de acuerdo ya que en el suelo pueden haber virus que ayudan a combatir el que produce el  Foc R4T
11/10/2023,Granada,11,16,"16.	La temperatura en un factor que afectan el desarrollo de epidemias de Foc-R4T",En desacuerdo,Estamos en desacuerdo ya que la temperatura del departamento no afecta el desarrollo del Foc R4T.
11/10/2023,Granada,11,17,"17.	Las tormentas representan un riesgo asociado a la dispersiÃ³n de Foc-R4T",De acuerdo,Estamos de acuerdo ya que las tormentas producen inundaciones estas a su vez por escorrentía disemina la epidemia de Foc R4T.
11/10/2023,Granada,11,18,"18.	El viento presenta un efecto de riesgo asociado a la dispersiÃ³n de Foc-R4T",De acuerdo,Estamos de acuerdo ya que el viento puede arrastrar es esporas de hongos y parte de material vegetal contaminado a lugares saludables aledaños.
11/10/2023,Granada,11,19,"19.	La precipitaciÃ³n es un factor de riesgo en epidemias de Foc R4T",De acuerdo,Estamos de acuerdo ya que en el departamento llueve bastante y la humedad y la escorrentía favorecen la diseminación de la epidemia.
11/10/2023,Granada,11,20,"20.	ConexiÃ³n de redes de drenaje entre lotes y cultivos de banano es un factor de riesgo en epidemias de  Foc R4T",Muy de acuerdo,Estamos muy de acuerdo ya que las redes del drenaje son compartidas por varias fincas vecinas en el departamento.
11/10/2023,Granada,11,21,"21.	 Otros hospederos son un factor de riesgo en epidemias Foc R4T",Muy de acuerdo,Sí ya que las plantas ornamentales de la familia musaceae tales como las heliconias pueden hospedar la epidemia (Foc R4T).
11/10/2023,Granada,11,22,"22.	El cambio climÃ¡tico es un factor de riesgo en epidemias Foc R4T",Muy de acuerdo,Estamos de acuerdo porque el cambio climático puede producir sequía e inundaciones y esta última (lluvia ) produce ambiente favorable para el desarrollo de la epidemia.
11/10/2023,Granada,11,23,23. Las propiedades fÃ­sicas del suelo son factores que afectan el desarrollo de epidemias de  Foc-R4T,De acuerdo,Estamos de acuerdo porque un terreno arcilloso es húmedo y facilita el desarrollo de la epidemia Foc R4T.
11/15/2023,Uraba ,12,1,"1.	El movimiento de suelo contaminado es un factor de riesgo para introducir Foc-R4T a nuevas Ã¡reas",Muy de acuerdo,"Es un factor de riesgo alto, es un  hongo del suelo y se puede diseminar a través de calzado, herramientas, vehículos, animales silvestres-domésticos, vientos y escorrentía. "
11/15/2023,Uraba ,12,2,"2.	El movimiento de plantas contaminadas (material vegetal de siembra o residuos de cultivos) es un factor de riesgo para introducir Foc-R4T a nuevas Ã¡reas.",Muy de acuerdo,Es un riesgo alto por la diseminación de la enfermedad de manera  directa a mayor velocidad.
11/15/2023,Uraba ,12,3,"3.	Plantas asintomÃ¡ticas dentro del cultivo son un factor de riesgo como fuente de inÃ³culo de Foc-R4T",Muy de acuerdo,Es un riesgo alto ya que no permite identificar síntomas externos tempranos y de manera inconsiente se propaga a plantas o áreas sanas. 
11/15/2023,Uraba ,12,4,"4.	Movimiento de equipos agrÃ­colas contaminados (herramientas, vehÃ­culos, equipos, etc...) son factores que pueden diseminar Foc-R4T",Muy de acuerdo,Riesgo alto en estos equipos agrícolas pueden llevar o trasladar suelos de un sitio a otro. Este suelo puede estar contaminado.
11/15/2023,Uraba ,12,5,"5.	La presencia de pequeÃ±os focos de Foc-R4T en Ã¡reas remotas impide que sean identificados y contenidos",De acuerdo,"Si, en estas áreas remotas de  difícil acceso se dificulta la identificación del patógeno por falta del conocimiento  y reconocimiento en campo de los síntomas. "
11/15/2023,Uraba ,12,6,"6.	Foc-R4T puede ser transportado por el agua, lo que lleva a la contaminaciÃ³n de las Ã¡reas aguas abajo",Muy de acuerdo,"Muy alto por la topografía del terreno, zonas inundables, escorrentías, comportamientos de las redes de las redes de drenajes entre fincas y grupos . "
11/15/2023,Uraba ,12,7,"7.	El movimiento de material vegetal infectado, como plÃ¡ntulas o cormos, por parte de los seres humanos puede propagar Foc-R4T",Muy de acuerdo,Alto riesgo para diseminar la enfermedad a una mayor velocidad. 
11/15/2023,Uraba ,12,8,"8.	El comercio internacional de plantas y partes de plantas de banano y plÃ¡tano puede facilitar la difusiÃ³n a larga distancia de Foc-R4T",Muy de acuerdo,"Este movimiento de material vegetal facilita la difusión de la enfermedad ( material vegetal
 contaminado o de países con presencia de la enfermedad)."
11/15/2023,Uraba ,12,9,"9.	Las regulaciones de cuarentena dÃ©biles o ineficaces pueden permitir la diseminaciÃ³n de Foc-R4T",De acuerdo,"Si, es alto si existen vacios en la norma y los entes reguladores en el control que deben hacer. "
11/15/2023,Uraba ,12,10,"10.	Ciertos insectos pueden contribuir a la transmisiÃ³n de Foc-R4T",Muy de acuerdo,"El alto por la presencia de insectos como coleópteros, lepidópteros, hemípteros y otros. "
11/15/2023,Uraba ,12,11,"11.	La mala implementaciÃ³n de medidas de bioseguridad, la eliminaciÃ³n inadecuada de las plantas y el manejo deficiente de las plantaciones  pueden aumentar el riesgo de propagaciÃ³n de Foc-R4T",Muy de acuerdo,Si no se aplican los riesgos requeridos se tiene el riesgo de la diseminación. 
11/15/2023,Uraba ,12,12,"12.	El trÃ¡fico humano hacia y desde las regiones infectadas puede introducir inadvertidamente Foc-R4T a nuevas Ã¡reas",Muy de acuerdo,"Es alto, no se puede tener el control total del movimiento del personal, no se puede verificar o no es confiable la información suministrada."
11/15/2023,Uraba ,12,13,"13.	El monitoreo inadecuado puede retrasar la detecciÃ³n y futura contenciÃ³n del Foc-R4T",Muy de acuerdo,Riesgo alto ya que el monitoreo inadecuado no permite la identificación temprana de síntomas externos.
11/15/2023,Uraba ,12,14,14. Las propiedades quÃ­micas del suelo son factores que afectan el desarrollo de epidemias de  Foc-R4T,De acuerdo,"Riesgo medio, estas condiciones pueden favorecer el aumento de las poblaciones."
11/15/2023,Uraba ,12,15,"15.	La biota del suelo es un factor que afecta el desarrollo de epidemias de Foc-R4T",Muy de acuerdo,"La biota del suelo puede afectar el hongo, ya que se pueden encontrar microorganismos antagonistas."
11/15/2023,Uraba ,12,16,"16.	La temperatura en un factor que afectan el desarrollo de epidemias de Foc-R4T",Muy de acuerdo,"Riesgo alto, se presenta un DPV bajo aumenta el desarrollo del patógeno."
11/15/2023,Uraba ,12,17,"17.	Las tormentas representan un riesgo asociado a la dispersiÃ³n de Foc-R4T",Muy de acuerdo,"Riesgo alto, se presentan escorrentías."
11/15/2023,Uraba ,12,18,"18.	El viento presenta un efecto de riesgo asociado a la dispersiÃ³n de Foc-R4T",Muy de acuerdo,"Riesgo alto, se presenta movimiento del suelo y este pueste estar contaminado."
11/15/2023,Uraba ,12,19,"19.	La precipitaciÃ³n es un factor de riesgo en epidemias de Foc R4T",Muy de acuerdo,"Alto, Altas precipitaciones conllevan a escorrentías con arrastre del suelo."
11/15/2023,Uraba ,12,20,"20.	ConexiÃ³n de redes de drenaje entre lotes y cultivos de banano es un factor de riesgo en epidemias de  Foc R4T",Muy de acuerdo,"Riesgo alto, interconexión entre fincas con movimiento de agua y arrastre de suelo."
11/15/2023,Uraba ,12,21,"21.	 Otros hospederos son un factor de riesgo en epidemias Foc R4T",Muy de acuerdo,Riesgo alto si existen estas malezas hospederas. 
11/15/2023,Uraba ,12,22,"22.	El cambio climÃ¡tico es un factor de riesgo en epidemias Foc R4T",De acuerdo,"Si es alto, temperaturas, tormentas y lluvias."
11/15/2023,Uraba ,12,23,23. Las propiedades fÃ­sicas del suelo son factores que afectan el desarrollo de epidemias de  Foc-R4T,Muy de acuerdo,"Alto, por topografía del terreno, zonas inundables, erosión. "
11/15/2023,Uraba ,13,1,"1.	El movimiento de suelo contaminado es un factor de riesgo para introducir Foc-R4T a nuevas Ã¡reas",Muy de acuerdo,"Alto, debido a que el suelo es el hábitat natural del hongo y es uno de los medios de dispersión más importantes.
 En Urabá el suelo s puede ser transportado por llantas  de vehículos, maquinaria , herramientas, animales calzado agua de escorrentía ( inundaciones) "
11/15/2023,Uraba ,13,2,"2.	El movimiento de plantas contaminadas (material vegetal de siembra o residuos de cultivos) es un factor de riesgo para introducir Foc-R4T a nuevas Ã¡reas.",Muy de acuerdo,"Alto, debido a que el periodo de incubación de la enfermedad es largo y dificulta identificar síntomas externos de manera oportuna, hay movimiento informal de semilla en toda zona lo cual ayuda a diseminar la enfermedad en la región. A pesar de que la semilla tipo rizoma, cabeza de toro, se desinfecta antes de ser sembrada, eso no es garante de que la enfermedad no se propague. "
11/15/2023,Uraba ,13,3,"3.	Plantas asintomÃ¡ticas dentro del cultivo son un factor de riesgo como fuente de inÃ³culo de Foc-R4T",Muy de acuerdo,"Esas plantas al no presentar síntomas son una fuente importante de Foc R4T en el cultivo, dado que esa planta sufre muchos coretes, propios de las labores culturales del cultivo (deshoje, Fitosaneo, embolse) con herramientas lo cual se propaga a otras plantas en la finca. Al no presentar sintomatología asociada a Foc R4T no se realizan los protocolos necesarios y se sigue tratando como plantación establecida, dispersando la enfermedad entre fincas y zonas."
11/15/2023,Uraba ,13,4,"4.	Movimiento de equipos agrÃ­colas contaminados (herramientas, vehÃ­culos, equipos, etc...) son factores que pueden diseminar Foc-R4T",Muy de acuerdo,"La maquinaria amarilla representa un riesgo muy alto por su dificultad para el lavado  y su procedencia.
Las herramientas que tienen contacto directo con el suelo como palos, palines, trichos, requieren un especial cuidado y atención en la desinfección.  "
11/15/2023,Uraba ,13,5,"5.	La presencia de pequeÃ±os focos de Foc-R4T en Ã¡reas remotas impide que sean identificados y contenidos",Muy de acuerdo,"Al tener focos en áreas remotas impide que los entes gubernamentales  o las ONPF lleguen al territorio y exijan el cumplimiento de las medidas de bioseguridad establecidas para contener la enfermedad  o detectar de manera oportuna  brotes de la enfermedad  que mas adelante se pude convertir en un agente dispersante de la enfermedad en la región .


Es importante tener en cuenta que si el predio no es exportador,  el cumplimiento de la resolución ICA 17334 la cual establece las medidas de bioseguridad establecidas para la enfermedad que son de estricto cumplimiento no es obligatorio para este tipo de predios. "
11/15/2023,Uraba ,13,6,"6.	Foc-R4T puede ser transportado por el agua, lo que lleva a la contaminaciÃ³n de las Ã¡reas aguas abajo",Muy de acuerdo,Es uno de los factores de riesgo más altos en la zona ya que hay comunicación de los afluentes principales desde las cabeceras hasta las desembocaduras que atraviesan muchas fincas. Las inundaciones que se generar en varias épocas del año afectan muchas zonas bajas y contaminan los cultivos de diferentes enfermedades. 
11/15/2023,Uraba ,13,7,"7.	El movimiento de material vegetal infectado, como plÃ¡ntulas o cormos, por parte de los seres humanos puede propagar Foc-R4T",Muy de acuerdo,"El movimiento de material infectado por parte de personal implica manipulación de suelo contaminado no solo en las botas sino  en la ropa , lo cual implica que mientras los operarios se mueven en la finca movilizan también el patógeno en  el cultivo, además estas personas en ocasiones se utilizan para  el cargue y descargue en otras fincas. También es una fuente de diseminación a nivel de predios. "
11/15/2023,Uraba ,13,8,"8.	El comercio internacional de plantas y partes de plantas de banano y plÃ¡tano puede facilitar la difusiÃ³n a larga distancia de Foc-R4T",Muy de acuerdo,El movimiento de material vegetal es un riesgo alto y la trazabilidad de estos materiales en ocasiones no es   confiable. El material vegetal esta reportado en la bibliografía. como el medio de dispersión “activo” más importante a nivel mundial . 
11/15/2023,Uraba ,13,9,"9.	Las regulaciones de cuarentena dÃ©biles o ineficaces pueden permitir la diseminaciÃ³n de Foc-R4T",Muy de acuerdo,"Las medidas de contención débiles e ineficaces, lejos de cumplir su objetivo principal, se pueden convertir en  un medio de diseminación a un área contaminada y dispersarlo por el cultivo.
 Si no hay control de las labores que tienen lugar en las áreas infectadas tales como: contención de drenaje, cable vial, repique de fruta, inmovilización de maquinaria y  vehículos, ingreso de animales,  los cuales son factores importantes de diseminación . "
11/15/2023,Uraba ,13,10,"10.	Ciertos insectos pueden contribuir a la transmisiÃ³n de Foc-R4T",Muy de acuerdo,"Insectos como picudo negro representa un alto riesgo de propagación de la enfermedad, actualmente este insecto se encuentra dispersado en muchas fincas de la región  y su control es limitado, debido a que las  normas actuales de certificación impiden el uso de agroquímicos para su control, además en banano años atrás el picudo no era de importancia económica, los operarios y administrativos  conocen muy poco de sintomatología  asociada a este insecto. "
11/15/2023,Uraba ,13,11,"11.	La mala implementaciÃ³n de medidas de bioseguridad, la eliminaciÃ³n inadecuada de las plantas y el manejo deficiente de las plantaciones  pueden aumentar el riesgo de propagaciÃ³n de Foc-R4T",Muy de acuerdo,Las medidas de bioseguridad tiene como principio blindar las  plantaciones evitando el ingreso y salida del hongo: ‘entre limpio y salga limpio’ . si no se ejecuta adecuadamente se incrementa el riesgo de introducción y propagación del Foc R4T.
11/15/2023,Uraba ,13,12,"12.	El trÃ¡fico humano hacia y desde las regiones infectadas puede introducir inadvertidamente Foc-R4T a nuevas Ã¡reas",Muy de acuerdo,El movimiento de personas de áreas afectadas a zonas libres del Foc es crítico porque aumenta el riesgo de contagio
11/15/2023,Uraba ,13,13,"13.	El monitoreo inadecuado puede retrasar la detecciÃ³n y futura contenciÃ³n del Foc-R4T",Muy de acuerdo,"Si no se detectan las plantas sospechosas a tiempo, puede que por las labores agronómicas propias en el manejo del cultivo se disperse la enfermedad en todas las fincas ya sea por herramientas, trasplante de suelo en calzado, ropa o el ingreso de maquinarias y o animales domésticos en dichas áreas . "
11/15/2023,Uraba ,13,14,14. Las propiedades quÃ­micas del suelo son factores que afectan el desarrollo de epidemias de  Foc-R4T,Muy de acuerdo,Algunos factores físicos y químicos influyen en el crecimiento normal de las plantas y las predisponen para el desarrollo de epidemias. En la bibliografía se reportan suelos con propiedades supresoras de Foc R4T 
11/15/2023,Uraba ,13,15,"15.	La biota del suelo es un factor que afecta el desarrollo de epidemias de Foc-R4T",Muy de acuerdo,"Afecta porque son competencia tanto por nutriente lo que genera que aumente o disminuya la susceptibilidad de la planta.

Los microorganismos benéficos es una alternativa a largo plazo para acondicionar los terrenos productivos "
11/15/2023,Uraba ,13,16,"16.	La temperatura en un factor que afectan el desarrollo de epidemias de Foc-R4T",De acuerdo,El aumento o disminución genera un estrés en la planta lo que genera susceptibilidad ante el ataque de plagas y /o enfermedades. 
11/15/2023,Uraba ,13,17,"17.	Las tormentas representan un riesgo asociado a la dispersiÃ³n de Foc-R4T",De acuerdo,"Si, generan inundaciones y pueden generar dispersión de Foc R4T"
11/15/2023,Uraba ,13,18,"18.	El viento presenta un efecto de riesgo asociado a la dispersiÃ³n de Foc-R4T",Ni de acuerdo ni en desacuerdo,Puede generar un efecto pero no se puede comprobar.
11/15/2023,Uraba ,13,19,"19.	La precipitaciÃ³n es un factor de riesgo en epidemias de Foc R4T",De acuerdo,Si genera inundaciones influye. 
11/15/2023,Uraba ,13,20,"20.	ConexiÃ³n de redes de drenaje entre lotes y cultivos de banano es un factor de riesgo en epidemias de  Foc R4T",Muy de acuerdo,"Si, porque el agua es un medio de dispersión de enfermedades  y en la región hay mucha conexión en con las redes de drenaje,  internamente en las fincas y entre fincas."
11/15/2023,Uraba ,13,21,"21.	 Otros hospederos son un factor de riesgo en epidemias Foc R4T",Muy de acuerdo,"Las malezas, la composición botánica de las malezas  en la zona de Urabá obedecen a arvenses que son hospedantes secundarios de fusarium."
11/15/2023,Uraba ,13,22,"22.	El cambio climÃ¡tico es un factor de riesgo en epidemias Foc R4T",De acuerdo,Los cambios bruscos de temperatura por el cambio climático genera estrés en las plantas y esto favorece la propagación de los patógenos. 
11/15/2023,Uraba ,13,23,23. Las propiedades fÃ­sicas del suelo son factores que afectan el desarrollo de epidemias de  Foc-R4T,Muy de acuerdo,"Porque predisponen a las plantas y no permiten el buen desarrollo de los órganos como las raíces, por ejemplo la compactación. "
11/15/2023,Uraba ,14,1,"1.	El movimiento de suelo contaminado es un factor de riesgo para introducir Foc-R4T a nuevas Ã¡reas",NA,NA
11/15/2023,Uraba ,14,2,"2.	El movimiento de plantas contaminadas (material vegetal de siembra o residuos de cultivos) es un factor de riesgo para introducir Foc-R4T a nuevas Ã¡reas.",Muy de acuerdo,Muy alto porque transportando y diseminando el patógeno
11/15/2023,Uraba ,14,3,"3.	Plantas asintomÃ¡ticas dentro del cultivo son un factor de riesgo como fuente de inÃ³culo de Foc-R4T",Muy de acuerdo,Son  altamente riesgosas ya que no pueden prever los factores físicos que presentan las plantas afectadas o asociadas a la enfermedad. 
11/15/2023,Uraba ,14,4,"4.	Movimiento de equipos agrÃ­colas contaminados (herramientas, vehÃ­culos, equipos, etc...) son factores que pueden diseminar Foc-R4T",Muy de acuerdo,Es de esta forma como se propagan por las diferentes formas  del país ya que  son  contratadas para diferentes labores culturales en diferentes regiones del pais 
11/15/2023,Uraba ,14,5,"5.	La presencia de pequeÃ±os focos de Foc-R4T en Ã¡reas remotas impide que sean identificados y contenidos",Muy de acuerdo,"El desconocimiento y el difícil acceso a estas áreas genera un alto riesgo por la poca o difícil evaluación y asistencia del personal autorizado, falta de capacitación al productor y a las comunidades. "
11/15/2023,Uraba ,14,6,"6.	Foc-R4T puede ser transportado por el agua, lo que lleva a la contaminaciÃ³n de las Ã¡reas aguas abajo",Muy de acuerdo,"Diseminación rápida y de difícil control. Abarcando grandes extensiones de áreas en poco tiempo y la alta pluviosidad, o altas precipitaciones. "
11/15/2023,Uraba ,14,7,"7.	El movimiento de material vegetal infectado, como plÃ¡ntulas o cormos, por parte de los seres humanos puede propagar Foc-R4T",Muy de acuerdo,"Supremamente alta, es la forma mas directa de diseminación y propagación por suelo.  "
11/15/2023,Uraba ,14,8,"8.	El comercio internacional de plantas y partes de plantas de banano y plÃ¡tano puede facilitar la difusiÃ³n a larga distancia de Foc-R4T",Muy de acuerdo,Riesgo es alto 
11/15/2023,Uraba ,14,9,"9.	Las regulaciones de cuarentena dÃ©biles o ineficaces pueden permitir la diseminaciÃ³n de Foc-R4T",Muy de acuerdo,"En Colombia, en el Urabá no se esta cumpliendo con los requisitos mínimos  con los protocolos de bioseguridad ni tampoco se hacen  cumplir por parte de las entidades de control."
11/15/2023,Uraba ,14,10,"10.	Ciertos insectos pueden contribuir a la transmisiÃ³n de Foc-R4T",Muy de acuerdo,"Alta, ya que son organismos de difícil control o mitigación  por tipo de movimientos , ciclos biológicos y su amplio espectro de migración y adaptación al ambiente y modificación,  la modificación del cambio climático  facilita que el radio de acción se amplie. "
11/15/2023,Uraba ,14,11,"11.	La mala implementaciÃ³n de medidas de bioseguridad, la eliminaciÃ³n inadecuada de las plantas y el manejo deficiente de las plantaciones  pueden aumentar el riesgo de propagaciÃ³n de Foc-R4T",NA,NA
11/15/2023,Uraba ,14,12,"12.	El trÃ¡fico humano hacia y desde las regiones infectadas puede introducir inadvertidamente Foc-R4T a nuevas Ã¡reas",Muy de acuerdo,"Muy Alto, diseminación directa con dificultades en la trazabilidad. "
11/15/2023,Uraba ,14,13,"13.	El monitoreo inadecuado puede retrasar la detecciÃ³n y futura contenciÃ³n del Foc-R4T",Muy de acuerdo,Esto llevaría a tener una percepción falsa de la incidencia del patógeno en una zona o en un cultivo determinado. Realizando practicas con normalidad diseminando el patógeno. Confiados en los falsos resultados de monitoreo deficientes. 
11/15/2023,Uraba ,14,14,14. Las propiedades quÃ­micas del suelo son factores que afectan el desarrollo de epidemias de  Foc-R4T,De acuerdo,Se ha demostrado que en suelos ácidos son más propensos a servir de hospederos o ecosistema apropiado para estos microorganismos 
11/15/2023,Uraba ,14,15,"15.	La biota del suelo es un factor que afecta el desarrollo de epidemias de Foc-R4T",De acuerdo,El equilibrio de la biota en el suelo puede regular las poblaciones de microorganismos perjudiciales. 
11/15/2023,Uraba ,14,16,"16.	La temperatura en un factor que afectan el desarrollo de epidemias de Foc-R4T",De acuerdo,Las altas temperaturas limitan el desarrollo de patógenos en el suelo como de microorganismos benéficos lo cual genera un desbalance que puede afectar el desarrollo Foc  como beneficiarlo. 
11/15/2023,Uraba ,14,17,"17.	Las tormentas representan un riesgo asociado a la dispersiÃ³n de Foc-R4T",Muy de acuerdo,"Diseminación por inundaciones y precipitaciones altas, vientos secos. "
11/15/2023,Uraba ,14,18,"18.	El viento presenta un efecto de riesgo asociado a la dispersiÃ³n de Foc-R4T",De acuerdo,"Puede ser un riesgo, el transporte de esporas a través de vientos intercontinentales "
11/15/2023,Uraba ,14,19,"19.	La precipitaciÃ³n es un factor de riesgo en epidemias de Foc R4T",De acuerdo,Lluvias intensas generan agua de correntias   e inundaciones que transportan el patógeno hacia áreas libres. 
11/15/2023,Uraba ,14,20,"20.	ConexiÃ³n de redes de drenaje entre lotes y cultivos de banano es un factor de riesgo en epidemias de  Foc R4T",Muy de acuerdo,Diseminación directa. 
11/15/2023,Uraba ,14,21,"21.	 Otros hospederos son un factor de riesgo en epidemias Foc R4T",De acuerdo,Si porque todas las ‘malezas’ patógenos se hospedan y cuando el ambiente apropiado cambia migra hacia los cultivos.  
11/15/2023,Uraba ,14,22,"22.	El cambio climÃ¡tico es un factor de riesgo en epidemias Foc R4T",Muy de acuerdo,Las altas temperaturas favorecen la  resurgencia o la ampliación de la incubación de los microorganismos
11/15/2023,Uraba ,14,23,23. Las propiedades fÃ­sicas del suelo son factores que afectan el desarrollo de epidemias de  Foc-R4T,Muy de acuerdo,Un suelo compactado con alta retención de humedad es propicio para el desarrollo de los patógenos.
