Año,Departamento,Producto,Area (ha),Produccion (ton),Rendimiento (ha/ton),Produccion Nacional (ton),Area Nacional (ha)
2007,AMAZONAS,PLATANO,895.00,"2,956.00",3.30,0.10,0.25
2007,ANTIOQUIA,PLATANO,"41,037.72","248,220.40",6.05,8.69,11.37
2007,ARAUCA,PLATANO,"11,444.00","94,270.00",8.24,3.30,3.17
2007,ATLANTICO,PLATANO,37.00,134.50,3.64,0.00,0.01
2007,BOLIVAR,PLATANO,"3,100.00","21,122.00",6.81,0.74,0.86
2007,BOYACA,PLATANO,"4,631.00","33,098.00",7.15,1.16,1.28
2007,CALDAS,PLATANO,"15,757.00","167,359.00",10.62,5.86,4.37
2007,CAQUETA,PLATANO,"12,447.00","80,132.00",6.44,2.81,3.45
2007,CASANARE,PLATANO,"2,336.00","25,470.00",10.90,0.89,0.65
2007,CAUCA,PLATANO,"10,693.52","96,044.75",8.98,3.36,2.96
2007,CESAR,PLATANO,"2,971.00","17,051.00",5.74,0.60,0.82
2007,CHOCO,PLATANO,"16,753.00","101,524.30",6.06,3.55,4.64
2007,CORDOBA,PLATANO,"25,231.00","239,883.00",9.51,8.40,6.99
2007,CUNDINAMARCA,PLATANO,"10,167.83","76,050.57",7.48,2.66,2.82
2007,GUAINIA,PLATANO,130.00,975.00,7.50,0.03,0.04
2007,GUAVIARE,PLATANO,"2,594.00","18,726.50",7.22,0.66,0.72
2007,HUILA,PLATANO,"26,117.50","86,522.29",3.31,3.03,7.24
2007,LA GUAJIRA,PLATANO,"2,024.00","10,050.00",4.97,0.35,0.56
2007,MAGDALENA,PLATANO,"1,850.00","12,391.00",6.70,0.43,0.51
2007,META,PLATANO,"16,828.00","251,619.00",14.95,8.81,4.66
2007,NARIÑO,PLATANO,"22,306.00","142,930.70",6.41,5.00,6.18
2007,NORTE DE SANTANDER,PLATANO,"13,646.50","84,474.60",6.19,2.96,3.78
2007,PUTUMAYO,PLATANO,"5,727.00","38,067.00",6.65,1.33,1.59
2007,QUINDIO,PLATANO,"34,622.40","334,217.40",9.65,11.70,9.59
2007,RISARALDA,PLATANO,"21,043.00","167,452.80",7.96,5.86,5.83
2007,SANTANDER,PLATANO,"11,215.00","107,415.40",9.58,3.76,3.11
2007,SUCRE,PLATANO,"1,370.70","8,022.35",5.85,0.28,0.38
2007,TOLIMA,PLATANO,"27,921.00","235,151.00",8.42,8.23,7.74
2007,VALLE DEL CAUCA,PLATANO,"15,621.65","152,991.40",9.79,5.36,4.33
2007,VAUPES,PLATANO,113.00,676.00,5.98,0.02,0.03
2007,VICHADA,PLATANO,265.00,"1,090.00",4.11,0.04,0.07
2008,AMAZONAS,PLATANO,"1,203.00","4,017.00",3.34,0.15,0.35
2008,ANTIOQUIA,PLATANO,"39,944.59","247,931.60",6.21,9.54,11.75
2008,ARAUCA,PLATANO,"15,007.00","137,622.00",9.17,5.30,4.41
2008,ATLANTICO,PLATANO,52.50,324.00,6.17,0.01,0.02
2008,BOLIVAR,PLATANO,"3,223.00","22,084.00",6.85,0.85,0.95
2008,BOYACA,PLATANO,"4,098.40","30,380.34",7.41,1.17,1.21
2008,CALDAS,PLATANO,"15,705.00","170,035.60",10.83,6.55,4.62
2008,CAQUETA,PLATANO,"12,957.00","84,493.00",6.52,3.25,3.81
2008,CASANARE,PLATANO,"1,567.00","17,605.60",11.24,0.68,0.46
2008,CAUCA,PLATANO,"9,255.46","71,280.70",7.70,2.74,2.72
2008,CESAR,PLATANO,"3,145.00","17,814.00",5.66,0.69,0.93
2008,CHOCO,PLATANO,"13,497.00","78,407.50",5.81,3.02,3.97
2008,CORDOBA,PLATANO,"17,416.00","127,729.00",7.33,4.92,5.12
2008,CUNDINAMARCA,PLATANO,"7,463.00","60,570.50",8.12,2.33,2.20
2008,GUAINIA,PLATANO,150.00,"1,125.00",7.50,0.04,0.04
2008,GUAVIARE,PLATANO,"2,220.00","22,150.00",9.98,0.85,0.65
2008,HUILA,PLATANO,"25,685.50","82,614.85",3.22,3.18,7.55
2008,LA GUAJIRA,PLATANO,"1,566.00","7,504.18",4.79,0.29,0.46
2008,MAGDALENA,PLATANO,"2,063.00","14,262.00",6.91,0.55,0.61
2008,META,PLATANO,"17,644.00","273,737.00",15.51,10.54,5.19
2008,NARIÑO,PLATANO,"22,466.80","134,369.00",5.98,5.17,6.61
2008,NORTE DE SANTANDER,PLATANO,"13,473.00","85,154.00",6.32,3.28,3.96
2008,PUTUMAYO,PLATANO,"5,878.00","40,887.00",6.96,1.57,1.73
2008,QUINDIO,PLATANO,"34,272.30","316,021.40",9.22,12.17,10.08
2008,RISARALDA,PLATANO,"18,678.20","144,026.30",7.71,5.54,5.49
2008,SANTANDER,PLATANO,"10,714.25","100,211.10",9.35,3.86,3.15
2008,SUCRE,PLATANO,"1,090.00","5,873.00",5.39,0.23,0.32
2008,TOLIMA,PLATANO,"23,035.00","162,388.00",7.05,6.25,6.78
2008,VALLE DEL CAUCA,PLATANO,"15,959.00","134,041.96",8.40,5.16,4.69
2008,VAUPES,PLATANO,100.00,602.00,6.02,0.02,0.03
2008,VICHADA,PLATANO,463.00,"2,267.00",4.90,0.09,0.14
2009,AMAZONAS,PLATANO,0.00,0.00,0.00,0.00,0.00
2009,ANTIOQUIA,PLATANO,"40,621.80","247,125.40",6.08,9.49,12.22
2009,ARAUCA,PLATANO,"17,830.00","217,241.00",12.18,8.34,5.36
2009,ATLANTICO,PLATANO,55.67,314.67,5.65,0.01,0.02
2009,BOLIVAR,PLATANO,"3,954.00","27,355.00",6.92,1.05,1.19
2009,BOYACA,PLATANO,"4,000.20","31,155.55",7.79,1.20,1.20
2009,CALDAS,PLATANO,"16,275.00","189,350.40",11.63,7.27,4.90
2009,CAQUETA,PLATANO,"12,915.00","80,266.00",6.21,3.08,3.89
2009,CASANARE,PLATANO,"2,017.00","22,307.90",11.06,0.86,0.61
2009,CAUCA,PLATANO,"8,669.80","55,306.85",6.38,2.12,2.61
2009,CESAR,PLATANO,"2,512.00","14,005.00",5.58,0.54,0.76
2009,CHOCO,PLATANO,"14,930.30","88,100.43",5.90,3.38,4.49
2009,CORDOBA,PLATANO,"17,787.00","137,860.00",7.75,5.29,5.35
2009,CUNDINAMARCA,PLATANO,"6,857.90","42,101.60",6.14,1.62,2.06
2009,GUAINIA,PLATANO,180.00,"1,687.50",9.38,0.06,0.05
2009,GUAVIARE,PLATANO,"2,461.00","19,317.00",7.85,0.74,0.74
2009,HUILA,PLATANO,"25,581.10","81,351.42",3.18,3.12,7.70
2009,LA GUAJIRA,PLATANO,"1,098.00","5,680.00",5.17,0.22,0.33
2009,MAGDALENA,PLATANO,"2,257.00","17,301.50",7.67,0.66,0.68
2009,META,PLATANO,"14,471.00","215,076.00",14.86,8.26,4.35
2009,NARIÑO,PLATANO,"15,834.75","88,661.75",5.60,3.40,4.76
2009,NORTE DE SANTANDER,PLATANO,"13,478.00","85,418.80",6.34,3.28,4.05
2009,PUTUMAYO,PLATANO,"5,130.00","37,173.00",7.25,1.43,1.54
2009,QUINDIO,PLATANO,"34,132.39","323,204.10",9.47,12.41,10.27
2009,RISARALDA,PLATANO,"20,553.00","167,219.50",8.14,6.42,6.18
2009,SANTANDER,PLATANO,"10,109.00","93,772.50",9.28,3.60,3.04
2009,SUCRE,PLATANO,"1,242.70","6,886.75",5.54,0.26,0.37
2009,TOLIMA,PLATANO,"16,977.50","149,532.12",8.81,5.74,5.11
2009,VALLE DEL CAUCA,PLATANO,"20,156.00","158,177.78",7.85,6.07,6.06
2009,VAUPES,PLATANO,4.00,25.00,6.25,0.00,0.00
2009,VICHADA,PLATANO,295.00,"1,575.00",5.34,0.06,0.09
2010,AMAZONAS,PLATANO,190.00,670.00,3.53,0.02,0.05
2010,ANTIOQUIA,PLATANO,"41,573.42","251,972.24",6.06,8.91,11.82
2010,ARAUCA,PLATANO,"22,026.00","298,967.00",13.57,10.57,6.26
2010,ATLANTICO,PLATANO,78.67,401.67,5.11,0.01,0.02
2010,BOLIVAR,PLATANO,"3,827.00","29,924.00",7.82,1.06,1.09
2010,BOYACA,PLATANO,"4,521.00","31,944.90",7.07,1.13,1.29
2010,CALDAS,PLATANO,"19,241.70","240,978.25",12.52,8.52,5.47
2010,CAQUETA,PLATANO,"11,897.00","73,422.00",6.17,2.60,3.38
2010,CASANARE,PLATANO,"2,453.50","28,421.50",11.58,1.00,0.70
2010,CAUCA,PLATANO,"11,406.60","77,578.75",6.80,2.74,3.24
2010,CESAR,PLATANO,"2,945.00","16,552.00",5.62,0.59,0.84
2010,CHOCO,PLATANO,"10,305.00","60,932.60",5.91,2.15,2.93
2010,CORDOBA,PLATANO,"19,978.00","148,132.40",7.41,5.24,5.68
2010,CUNDINAMARCA,PLATANO,"7,002.01","47,020.73",6.72,1.66,1.99
2010,GUAINIA,PLATANO,223.00,"1,935.64",8.68,0.07,0.06
2010,GUAVIARE,PLATANO,"4,121.00","28,514.00",6.92,1.01,1.17
2010,HUILA,PLATANO,"26,123.50","86,046.24",3.29,3.04,7.43
2010,LA GUAJIRA,PLATANO,"1,153.00","6,114.00",5.30,0.22,0.33
2010,MAGDALENA,PLATANO,"2,588.00","21,786.40",8.42,0.77,0.74
2010,META,PLATANO,"14,087.00","211,716.00",15.03,7.49,4.00
2010,NARIÑO,PLATANO,"22,075.00","120,904.50",5.48,4.27,6.28
2010,NORTE DE SANTANDER,PLATANO,"13,704.80","83,486.30",6.09,2.95,3.90
2010,PUTUMAYO,PLATANO,"5,564.00","41,232.00",7.41,1.46,1.58
2010,QUINDIO,PLATANO,"32,965.79","303,472.11",9.21,10.73,9.37
2010,RISARALDA,PLATANO,"20,340.00","168,333.20",8.28,5.95,5.78
2010,SANTANDER,PLATANO,"10,871.60","102,078.50",9.39,3.61,3.09
2010,SUCRE,PLATANO,"1,205.45","6,711.93",5.57,0.24,0.34
2010,TOLIMA,PLATANO,"17,522.00","153,717.71",8.77,5.43,4.98
2010,VALLE DEL CAUCA,PLATANO,"21,428.00","183,770.61",8.58,6.50,6.09
2010,VAUPES,PLATANO,9.00,54.00,6.00,0.00,0.00
2010,VICHADA,PLATANO,327.00,"1,660.00",5.08,0.06,0.09
2011,AMAZONAS,PLATANO,190.00,670.00,3.53,0.02,0.05
2011,ANTIOQUIA,PLATANO,"41,352.70","254,594.14",6.16,8.92,11.60
2011,ARAUCA,PLATANO,"24,760.00","334,215.00",13.50,11.71,6.95
2011,ATLANTICO,PLATANO,211.67,"1,281.67",6.06,0.04,0.06
2011,BOLIVAR,PLATANO,"4,277.00","32,538.00",7.61,1.14,1.20
2011,BOYACA,PLATANO,"5,101.83","38,777.31",7.60,1.36,1.43
2011,CALDAS,PLATANO,"17,494.26","205,833.70",11.77,7.21,4.91
2011,CAQUETA,PLATANO,"12,614.00","78,412.00",6.22,2.75,3.54
2011,CASANARE,PLATANO,"2,928.68","28,203.71",9.63,0.99,0.82
2011,CAUCA,PLATANO,"11,391.64","73,207.40",6.43,2.56,3.20
2011,CESAR,PLATANO,"3,007.00","15,905.00",5.29,0.56,0.84
2011,CHOCO,PLATANO,"12,492.80","71,108.20",5.69,2.49,3.51
2011,CORDOBA,PLATANO,"20,991.00","153,446.69",7.31,5.38,5.89
2011,CUNDINAMARCA,PLATANO,"5,697.00","38,463.44",6.75,1.35,1.60
2011,GUAINIA,PLATANO,220.00,"1,430.00",6.50,0.05,0.06
2011,GUAVIARE,PLATANO,"3,650.00","17,800.00",4.88,0.62,1.02
2011,HUILA,PLATANO,"26,736.10","88,185.40",3.30,3.09,7.50
2011,LA GUAJIRA,PLATANO,"1,179.00","6,271.50",5.32,0.22,0.33
2011,MAGDALENA,PLATANO,"2,508.00","18,860.00",7.52,0.66,0.70
2011,META,PLATANO,"13,598.30","211,173.60",15.53,7.40,3.82
2011,NARIÑO,PLATANO,"25,003.50","156,775.10",6.27,5.49,7.02
2011,NORTE DE SANTANDER,PLATANO,"13,240.50","80,846.20",6.11,2.83,3.72
2011,PUTUMAYO,PLATANO,"5,442.00","39,692.00",7.29,1.39,1.53
2011,QUINDIO,PLATANO,"30,164.50","301,931.49",10.01,10.58,8.47
2011,RISARALDA,PLATANO,"20,594.17","173,849.75",8.44,6.09,5.78
2011,SANTANDER,PLATANO,"10,847.65","102,479.73",9.45,3.59,3.04
2011,SUCRE,PLATANO,"1,159.15","6,433.28",5.55,0.23,0.33
2011,TOLIMA,PLATANO,"16,933.00","138,342.10",8.17,4.85,4.75
2011,VALLE DEL CAUCA,PLATANO,"22,122.00","181,152.00",8.19,6.35,6.21
2011,VAUPES,PLATANO,17.00,102.00,6.00,0.00,0.00
2011,VICHADA,PLATANO,412.00,"2,257.00",5.48,0.08,0.12
2012,AMAZONAS,PLATANO,70.00,240.00,3.43,0.01,0.02
2012,ANTIOQUIA,PLATANO,"45,962.30","288,330.45",6.27,9.35,12.08
2012,ARAUCA,PLATANO,"28,410.00","384,460.00",13.53,12.47,7.47
2012,ATLANTICO,PLATANO,488.97,"3,501.47",7.16,0.11,0.13
2012,BOLIVAR,PLATANO,"4,644.00","38,658.00",8.32,1.25,1.22
2012,BOYACA,PLATANO,"5,065.04","38,762.00",7.65,1.26,1.33
2012,CALDAS,PLATANO,"19,911.70","214,544.92",10.77,6.96,5.23
2012,CAQUETA,PLATANO,"12,811.00","76,439.00",5.97,2.48,3.37
2012,CASANARE,PLATANO,"2,788.05","28,719.00",10.30,0.93,0.73
2012,CAUCA,PLATANO,"12,433.80","90,724.19",7.30,2.94,3.27
2012,CESAR,PLATANO,"3,423.00","20,658.00",6.04,0.67,0.90
2012,CHOCO,PLATANO,"16,134.00","133,263.00",8.26,4.32,4.24
2012,CORDOBA,PLATANO,"23,107.00","192,748.50",8.34,6.25,6.07
2012,CUNDINAMARCA,PLATANO,"8,025.20","53,505.55",6.67,1.73,2.11
2012,GUAINIA,PLATANO,286.00,"1,944.80",6.80,0.06,0.08
2012,GUAVIARE,PLATANO,"4,426.05","23,491.50",5.31,0.76,1.16
2012,HUILA,PLATANO,"27,068.50","90,240.16",3.33,2.93,7.12
2012,LA GUAJIRA,PLATANO,"1,380.00","7,321.50",5.31,0.24,0.36
2012,MAGDALENA,PLATANO,"2,764.00","19,696.50",7.13,0.64,0.73
2012,META,PLATANO,"13,781.00","216,727.00",15.73,7.03,3.62
2012,NARIÑO,PLATANO,"26,740.00","163,063.40",6.10,5.29,7.03
2012,NORTE DE SANTANDER,PLATANO,"13,292.00","80,919.75",6.09,2.62,3.49
2012,PUTUMAYO,PLATANO,"5,294.00","39,709.00",7.50,1.29,1.39
2012,QUINDIO,PLATANO,"23,590.08","221,928.81",9.41,7.20,6.20
2012,RISARALDA,PLATANO,"20,238.78","173,361.33",8.57,5.62,5.32
2012,SAN ANDRES Y PROVIDENCIA,PLATANO,0.41,1.64,4.00,0.00,0.00
2012,SANTANDER,PLATANO,"12,217.00","116,511.47",9.54,3.78,3.21
2012,SUCRE,PLATANO,"1,204.75","6,834.07",5.67,0.22,0.32
2012,TOLIMA,PLATANO,"21,486.00","157,102.60",7.31,5.09,5.65
2012,VALLE DEL CAUCA,PLATANO,"22,863.42","197,912.48",8.66,6.42,6.01
2012,VAUPES,PLATANO,66.00,353.00,5.35,0.01,0.02
2012,VICHADA,PLATANO,422.00,"2,261.00",5.36,0.07,0.11
2013,AMAZONAS,PLATANO,128.00,464.00,3.63,0.01,0.03
2013,ANTIOQUIA,PLATANO,"41,111.95","284,639.85",6.92,8.85,10.79
2013,ARAUCA,PLATANO,"27,525.00","385,192.50",13.99,11.98,7.22
2013,ATLANTICO,PLATANO,560.00,"3,819.00",6.82,0.12,0.15
2013,BOLIVAR,PLATANO,"5,019.00","40,822.88",8.13,1.27,1.32
2013,BOYACA,PLATANO,"4,923.50","40,781.40",8.28,1.27,1.29
2013,CALDAS,PLATANO,"20,510.43","227,889.05",11.11,7.09,5.38
2013,CAQUETA,PLATANO,"11,168.00","68,070.00",6.10,2.12,2.93
2013,CASANARE,PLATANO,"2,637.59","27,070.42",10.26,0.84,0.69
2013,CAUCA,PLATANO,"14,037.77","98,524.84",7.02,3.06,3.68
2013,CESAR,PLATANO,"3,215.00","20,287.10",6.31,0.63,0.84
2013,CHOCO,PLATANO,"17,525.00","142,272.50",8.12,4.43,4.60
2013,CORDOBA,PLATANO,"26,037.85","229,843.50",8.83,7.15,6.83
2013,CUNDINAMARCA,PLATANO,"7,748.61","54,281.90",7.01,1.69,2.03
2013,GUAINIA,PLATANO,320.00,"2,176.00",6.80,0.07,0.08
2013,GUAVIARE,PLATANO,"4,222.00","23,304.00",5.52,0.72,1.11
2013,HUILA,PLATANO,"25,506.00","87,484.17",3.43,2.72,6.69
2013,LA GUAJIRA,PLATANO,"1,750.00","9,156.50",5.23,0.28,0.46
2013,MAGDALENA,PLATANO,"2,929.00","20,800.50",7.10,0.65,0.77
2013,META,PLATANO,"15,157.00","244,435.00",16.13,7.60,3.98
2013,NARIÑO,PLATANO,"26,026.00","162,459.70",6.24,5.05,6.83
2013,NORTE DE SANTANDER,PLATANO,"13,428.50","82,176.65",6.12,2.56,3.52
2013,PUTUMAYO,PLATANO,"5,005.00","37,583.81",7.51,1.17,1.31
2013,QUINDIO,PLATANO,"22,954.75","235,261.62",10.25,7.32,6.02
2013,RISARALDA,PLATANO,"19,531.10","165,629.73",8.48,5.15,5.13
2013,SAN ANDRES Y PROVIDENCIA,PLATANO,0.15,0.75,5.00,0.00,0.00
2013,SANTANDER,PLATANO,"13,733.30","122,465.51",8.92,3.81,3.60
2013,SUCRE,PLATANO,"1,642.10","9,108.85",5.55,0.28,0.43
2013,TOLIMA,PLATANO,"20,151.50","160,189.63",7.95,4.98,5.29
2013,VALLE DEL CAUCA,PLATANO,"26,081.15","226,367.12",8.68,7.04,6.84
2013,VAUPES,PLATANO,51.00,315.00,6.18,0.01,0.01
2013,VICHADA,PLATANO,405.25,"1,892.05",4.67,0.06,0.11
2014,AMAZONAS,PLATANO,80.00,280.00,3.50,0.01,0.02
2014,ANTIOQUIA,PLATANO,"45,718.80","330,658.38",7.23,9.84,11.83
2014,ARAUCA,PLATANO,"27,984.00","408,700.00",14.60,12.16,7.24
2014,ATLANTICO,PLATANO,406.00,"3,206.00",7.90,0.10,0.11
2014,BOLIVAR,PLATANO,"4,720.00","37,907.00",8.03,1.13,1.22
2014,BOYACA,PLATANO,"4,471.00","38,245.90",8.55,1.14,1.16
2014,CALDAS,PLATANO,"20,196.00","217,261.00",10.76,6.46,5.22
2014,CAQUETA,PLATANO,"10,307.00","61,913.40",6.01,1.84,2.67
2014,CASANARE,PLATANO,"1,799.00","19,238.00",10.69,0.57,0.47
2014,CAUCA,PLATANO,"14,173.08","88,550.61",6.25,2.63,3.67
2014,CESAR,PLATANO,"3,261.00","19,836.00",6.08,0.59,0.84
2014,CHOCO,PLATANO,"20,735.00","203,319.00",9.81,6.05,5.36
2014,CORDOBA,PLATANO,"26,141.00","232,200.95",8.88,6.91,6.76
2014,CUNDINAMARCA,PLATANO,"7,413.50","59,481.45",8.02,1.77,1.92
2014,GUAINIA,PLATANO,450.00,"4,240.00",9.42,0.13,0.12
2014,GUAVIARE,PLATANO,"2,602.00","19,158.00",7.36,0.57,0.67
2014,HUILA,PLATANO,"25,261.92","87,676.89",3.47,2.61,6.53
2014,LA GUAJIRA,PLATANO,"1,662.00","9,252.00",5.57,0.28,0.43
2014,MAGDALENA,PLATANO,"2,982.00","20,388.20",6.84,0.61,0.77
2014,META,PLATANO,"14,099.00","234,867.00",16.66,6.99,3.65
2014,NARIÑO,PLATANO,"25,465.00","143,794.10",5.65,4.28,6.59
2014,NORTE DE SANTANDER,PLATANO,"13,615.50","82,936.35",6.09,2.47,3.52
2014,PUTUMAYO,PLATANO,"5,806.00","39,228.50",6.76,1.17,1.50
2014,QUINDIO,PLATANO,"24,924.00","248,798.70",9.98,7.40,6.45
2014,RISARALDA,PLATANO,"18,540.50","172,914.20",9.33,5.15,4.80
2014,SAN ANDRES Y PROVIDENCIA,PLATANO,5.40,27.00,5.00,0.00,0.00
2014,SANTANDER,PLATANO,"13,498.20","130,529.70",9.67,3.88,3.49
2014,SUCRE,PLATANO,"1,407.40","6,881.10",4.89,0.20,0.36
2014,TOLIMA,PLATANO,"19,423.00","151,540.50",7.80,4.51,5.02
2014,VALLE DEL CAUCA,PLATANO,"29,004.10","285,428.40",9.84,8.49,7.50
2014,VAUPES,PLATANO,44.00,280.70,6.38,0.01,0.01
2014,VICHADA,PLATANO,412.25,"1,951.25",4.73,0.06,0.11
2015,AMAZONAS,PLATANO,270.00,"1,350.00",5.00,0.04,0.07
2015,ANTIOQUIA,PLATANO,"47,716.90","401,798.82",8.42,11.76,12.25
2015,ARAUCA,PLATANO,"29,197.00","428,048.00",14.66,12.53,7.49
2015,ATLANTICO,PLATANO,365.00,"3,719.00",10.19,0.11,0.09
2015,BOLIVAR,PLATANO,"5,448.00","28,767.50",5.28,0.84,1.40
2015,BOYACA,PLATANO,"3,694.00","31,743.65",8.59,0.93,0.95
2015,CALDAS,PLATANO,"18,990.20","223,741.72",11.78,6.55,4.87
2015,CAQUETA,PLATANO,"11,467.00","68,592.93",5.98,2.01,2.94
2015,CASANARE,PLATANO,"1,896.00","20,806.40",10.97,0.61,0.49
2015,CAUCA,PLATANO,"14,586.72","93,830.13",6.43,2.75,3.74
2015,CESAR,PLATANO,"3,483.00","21,538.00",6.18,0.63,0.89
2015,CHOCO,PLATANO,"22,644.00","198,569.50",8.77,5.81,5.81
2015,CORDOBA,PLATANO,"24,979.50","224,848.48",9.00,6.58,6.41
2015,CUNDINAMARCA,PLATANO,"7,439.31","69,506.52",9.34,2.03,1.91
2015,GUAINIA,PLATANO,350.00,"3,440.00",9.83,0.10,0.09
2015,GUAVIARE,PLATANO,"2,893.00","26,037.00",9.00,0.76,0.74
2015,HUILA,PLATANO,"25,213.75","77,431.02",3.07,2.27,6.47
2015,LA GUAJIRA,PLATANO,"1,489.00","7,880.00",5.29,0.23,0.38
2015,MAGDALENA,PLATANO,"2,912.00","19,520.20",6.70,0.57,0.75
2015,META,PLATANO,"15,009.00","256,197.00",17.07,7.50,3.85
2015,NARIÑO,PLATANO,"24,474.55","142,289.90",5.81,4.16,6.28
2015,NORTE DE SANTANDER,PLATANO,"11,806.00","71,606.25",6.07,2.10,3.03
2015,PUTUMAYO,PLATANO,"5,571.00","37,427.90",6.72,1.10,1.43
2015,QUINDIO,PLATANO,"23,339.00","232,961.50",9.98,6.82,5.99
2015,RISARALDA,PLATANO,"18,487.60","163,554.43",8.85,4.79,4.75
2015,SAN ANDRES Y PROVIDENCIA,PLATANO,5.40,27.00,5.00,0.00,0.00
2015,SANTANDER,PLATANO,"14,359.20","134,476.05",9.37,3.94,3.69
2015,SUCRE,PLATANO,"1,363.80","6,686.95",4.90,0.20,0.35
2015,TOLIMA,PLATANO,"20,449.00","154,855.72",7.57,4.53,5.25
2015,VALLE DEL CAUCA,PLATANO,"28,981.90","262,661.50",9.06,7.69,7.44
2015,VAUPES,PLATANO,66.00,389.00,5.89,0.01,0.02
2015,VICHADA,PLATANO,629.00,"3,097.50",4.92,0.09,0.16
2016,AMAZONAS,PLATANO,343.00,"1,715.00",5.00,0.05,0.09
2016,ANTIOQUIA,PLATANO,"42,232.60","345,613.21",8.18,9.11,10.59
2016,ARAUCA,PLATANO,"28,008.00","542,074.00",19.35,14.28,7.02
2016,ATLANTICO,PLATANO,275.00,"3,797.00",13.81,0.10,0.07
2016,BOLIVAR,PLATANO,"7,018.60","52,032.57",7.41,1.37,1.76
2016,BOYACA,PLATANO,"3,473.00","28,547.10",8.22,0.75,0.87
2016,CALDAS,PLATANO,"19,796.49","245,284.35",12.39,6.46,4.96
2016,CAQUETA,PLATANO,"13,304.00","82,203.00",6.18,2.17,3.34
2016,CASANARE,PLATANO,"2,090.00","26,205.65",12.54,0.69,0.52
2016,CAUCA,PLATANO,"20,639.20","92,185.15",4.47,2.43,5.17
2016,CESAR,PLATANO,"3,660.70","28,250.60",7.72,0.74,0.92
2016,CHOCO,PLATANO,"25,409.50","265,384.00",10.44,6.99,6.37
2016,CORDOBA,PLATANO,"26,760.90","257,634.74",9.63,6.79,6.71
2016,CUNDINAMARCA,PLATANO,"10,483.50","93,559.91",8.92,2.47,2.63
2016,GUAINIA,PLATANO,242.60,"1,698.20",7.00,0.04,0.06
2016,GUAVIARE,PLATANO,"2,892.00","34,704.00",12.00,0.91,0.73
2016,HUILA,PLATANO,"24,799.15","76,672.45",3.09,2.02,6.22
2016,LA GUAJIRA,PLATANO,"1,330.00","7,050.00",5.30,0.19,0.33
2016,MAGDALENA,PLATANO,"2,823.00","18,197.60",6.45,0.48,0.71
2016,META,PLATANO,"15,059.50","274,197.00",18.21,7.23,3.78
2016,NARIÑO,PLATANO,"21,698.50","126,408.50",5.83,3.33,5.44
2016,NORTE DE SANTANDER,PLATANO,"11,331.80","73,576.15",6.49,1.94,2.84
2016,PUTUMAYO,PLATANO,"6,454.00","37,981.00",5.88,1.00,1.62
2016,QUINDIO,PLATANO,"25,280.00","266,739.00",10.55,7.03,6.34
2016,RISARALDA,PLATANO,"16,837.60","161,190.12",9.57,4.25,4.22
2016,SAN ANDRES Y PROVIDENCIA,PLATANO,2.01,21.83,10.88,0.00,0.00
2016,SANTANDER,PLATANO,"14,262.05","143,229.52",10.04,3.77,3.58
2016,SUCRE,PLATANO,"1,378.00","6,786.20",4.92,0.18,0.35
2016,TOLIMA,PLATANO,"22,459.00","176,483.50",7.86,4.65,5.63
2016,VALLE DEL CAUCA,PLATANO,"28,054.60","323,297.60",11.52,8.52,7.03
2016,VAUPES,PLATANO,51.50,339.50,6.59,0.01,0.01
2016,VICHADA,PLATANO,385.00,"2,023.00",5.25,0.05,0.10
2017,AMAZONAS,PLATANO,125.00,625.00,5.00,0.02,0.03
2017,ANTIOQUIA,PLATANO,"42,474.70","324,220.88",7.63,8.12,10.61
2017,ARAUCA,PLATANO,"26,428.90","667,516.36",25.26,16.73,6.60
2017,ATLANTICO,PLATANO,587.50,"8,428.00",14.35,0.21,0.15
2017,BOLIVAR,PLATANO,"8,996.00","65,721.50",7.31,1.65,2.25
2017,BOYACA,PLATANO,"3,549.20","29,534.80",8.32,0.74,0.89
2017,CALDAS,PLATANO,"21,653.30","250,370.00",11.56,6.27,5.41
2017,CAQUETA,PLATANO,"14,379.00","85,086.30",5.92,2.13,3.59
2017,CASANARE,PLATANO,"1,622.00","23,261.70",14.34,0.58,0.41
2017,CAUCA,PLATANO,"20,126.50","100,841.35",5.01,2.53,5.03
2017,CESAR,PLATANO,"3,213.00","22,079.00",6.87,0.55,0.80
2017,CHOCO,PLATANO,"23,796.00","271,702.20",11.42,6.81,5.94
2017,CORDOBA,PLATANO,"23,489.00","258,898.84",11.02,6.49,5.87
2017,CUNDINAMARCA,PLATANO,"11,747.70","95,803.84",8.16,2.40,2.93
2017,GUAINIA,PLATANO,506.50,"3,137.50",6.19,0.08,0.13
2017,GUAVIARE,PLATANO,"2,691.00","32,292.00",12.00,0.81,0.67
2017,HUILA,PLATANO,"23,378.45","78,608.45",3.36,1.97,5.84
2017,LA GUAJIRA,PLATANO,"1,738.00","9,363.00",5.39,0.23,0.43
2017,MAGDALENA,PLATANO,"2,891.00","15,416.00",5.33,0.39,0.72
2017,META,PLATANO,"21,607.00","434,291.50",20.10,10.88,5.40
2017,NARIÑO,PLATANO,"19,428.00","111,829.20",5.76,2.80,4.85
2017,NORTE DE SANTANDER,PLATANO,"9,469.60","63,289.65",6.68,1.59,2.37
2017,PUTUMAYO,PLATANO,"7,488.40","27,571.83",3.68,0.69,1.87
2017,QUINDIO,PLATANO,"25,958.82","253,355.60",9.76,6.35,6.49
2017,RISARALDA,PLATANO,"16,649.60","158,858.80",9.54,3.98,4.16
2017,SAN ANDRES Y PROVIDENCIA,PLATANO,2.51,36.54,14.55,0.00,0.00
2017,SANTANDER,PLATANO,"12,537.84","140,289.51",11.19,3.52,3.13
2017,SUCRE,PLATANO,"1,618.30","8,858.70",5.47,0.22,0.40
2017,TOLIMA,PLATANO,"23,956.31","176,855.47",7.38,4.43,5.99
2017,VALLE DEL CAUCA,PLATANO,"27,518.80","267,666.80",9.73,6.71,6.88
2017,VAUPES,PLATANO,196.00,"1,054.00",5.38,0.03,0.05
2017,VICHADA,PLATANO,448.00,"3,760.00",8.39,0.09,0.11
2018,AMAZONAS,PLATANO,537.00,"2,685.00",5.00,0.06,0.13
2018,ANTIOQUIA,PLATANO,"42,488.15","355,732.40",8.37,8.26,10.16
2018,ARAUCA,PLATANO,"29,460.30","724,236.80",24.58,16.81,7.04
2018,ATLANTICO,PLATANO,858.75,"12,750.00",14.85,0.30,0.21
2018,BOLIVAR,PLATANO,"9,172.00","81,194.00",8.85,1.88,2.19
2018,BOYACA,PLATANO,"3,717.20","32,017.75",8.61,0.74,0.89
2018,CALDAS,PLATANO,"22,077.30","284,543.00",12.89,6.61,5.28
2018,CAQUETA,PLATANO,"16,086.00","100,146.20",6.23,2.32,3.85
2018,CASANARE,PLATANO,"2,186.00","32,190.70",14.73,0.75,0.52
2018,CAUCA,PLATANO,"21,250.00","106,095.95",4.99,2.46,5.08
2018,CESAR,PLATANO,"3,282.96","23,095.08",7.03,0.54,0.78
2018,CHOCO,PLATANO,"25,464.00","286,859.30",11.27,6.66,6.09
2018,CORDOBA,PLATANO,"24,556.00","291,097.50",11.85,6.76,5.87
2018,CUNDINAMARCA,PLATANO,"12,261.50","82,951.40",6.77,1.93,2.93
2018,GUAINIA,PLATANO,497.50,"3,074.50",6.18,0.07,0.12
2018,GUAVIARE,PLATANO,"4,695.00","56,340.00",12.00,1.31,1.12
2018,HUILA,PLATANO,"24,099.70","94,689.88",3.93,2.20,5.76
2018,LA GUAJIRA,PLATANO,"2,060.00","11,043.00",5.36,0.26,0.49
2018,MAGDALENA,PLATANO,"2,891.00","15,416.00",5.33,0.36,0.69
2018,META,PLATANO,"22,735.50","458,394.90",20.16,10.64,5.43
2018,NARIÑO,PLATANO,"19,956.00","119,634.75",5.99,2.78,4.77
2018,NORTE DE SANTANDER,PLATANO,"9,623.60","65,006.65",6.75,1.51,2.30
2018,PUTUMAYO,PLATANO,"7,914.40","29,245.13",3.70,0.68,1.89
2018,QUINDIO,PLATANO,"26,026.52","266,414.59",10.24,6.18,6.22
2018,RISARALDA,PLATANO,"16,814.60","166,034.74",9.87,3.85,4.02
2018,SAN ANDRES Y PROVIDENCIA,PLATANO,3.44,54.07,15.73,0.00,0.00
2018,SANTANDER,PLATANO,"12,600.44","145,314.59",11.53,3.37,3.01
2018,SUCRE,PLATANO,"1,960.30","11,263.80",5.75,0.26,0.47
2018,TOLIMA,PLATANO,"24,482.73","186,336.76",7.61,4.33,5.85
2018,VALLE DEL CAUCA,PLATANO,"27,844.30","258,337.90",9.28,6.00,6.66
2018,VAUPES,PLATANO,236.00,"1,187.00",5.03,0.03,0.06
2018,VICHADA,PLATANO,511.00,"4,126.00",8.07,0.10,0.12
2019,AMAZONAS,PLATANO,746.00,"3,301.20",4.43,0.08,0.19
2019,ANTIOQUIA,PLATANO,"46,284.20","388,877.63",8.40,9.82,11.54
2019,ARAUCA,PLATANO,"36,962.00","861,029.00",23.29,21.74,9.21
2019,ATLANTICO,PLATANO,366.50,"5,559.75",15.17,0.14,0.09
2019,BOLIVAR,PLATANO,"8,363.50","80,221.30",9.59,2.03,2.08
2019,BOYACA,PLATANO,"3,019.00","24,106.30",7.98,0.61,0.75
2019,CALDAS,PLATANO,"22,426.30","268,068.05",11.95,6.77,5.59
2019,CAQUETA,PLATANO,"14,271.00","78,203.00",5.48,1.97,3.56
2019,CASANARE,PLATANO,"2,715.00","30,524.00",11.24,0.77,0.68
2019,CAUCA,PLATANO,"12,774.50","80,451.15",6.30,2.03,3.18
2019,CESAR,PLATANO,"5,138.50","35,062.20",6.82,0.89,1.28
2019,CHOCO,PLATANO,"15,737.00","115,400.70",7.33,2.91,3.92
2019,CORDOBA,PLATANO,"25,740.60","229,436.55",8.91,5.79,6.42
2019,CUNDINAMARCA,PLATANO,"10,315.50","82,290.10",7.98,2.08,2.57
2019,GUAINIA,PLATANO,169.00,"1,592.00",9.42,0.04,0.04
2019,GUAVIARE,PLATANO,"5,031.00","39,000.00",7.75,0.98,1.25
2019,HUILA,PLATANO,"23,796.85","89,598.59",3.77,2.26,5.93
2019,LA GUAJIRA,PLATANO,"2,229.00","11,880.00",5.33,0.30,0.56
2019,MAGDALENA,PLATANO,"4,067.00","30,419.80",7.48,0.77,1.01
2019,META,PLATANO,"21,489.78","405,245.35",18.86,10.23,5.36
2019,NARIÑO,PLATANO,"22,882.00","153,662.00",6.72,3.88,5.70
2019,NORTE DE SANTANDER,PLATANO,"10,144.10","65,424.90",6.45,1.65,2.53
2019,PUTUMAYO,PLATANO,"8,492.00","44,288.00",5.22,1.12,2.12
2019,QUINDIO,PLATANO,"25,814.40","244,142.40",9.46,6.16,6.43
2019,RISARALDA,PLATANO,"14,670.50","145,053.25",9.89,3.66,3.66
2019,SAN ANDRES Y PROVIDENCIA,PLATANO,4.00,58.00,14.50,0.00,0.00
2019,SANTANDER,PLATANO,"8,751.00","66,324.75",7.58,1.67,2.18
2019,SUCRE,PLATANO,"1,871.50","9,935.30",5.31,0.25,0.47
2019,TOLIMA,PLATANO,"17,332.00","100,542.50",5.80,2.54,4.32
2019,VALLE DEL CAUCA,PLATANO,"27,580.14","260,278.05",9.44,6.57,6.87
2019,VAUPES,PLATANO,129.00,645.00,5.00,0.02,0.03
2019,VICHADA,PLATANO,"1,933.00","9,562.00",4.95,0.24,0.48
2020,AMAZONAS,PLATANO,847.00,"3,199.70",3.78,0.08,0.20
2020,ANTIOQUIA,PLATANO,"47,902.70","397,989.61",8.31,9.62,11.42
2020,ARAUCA,PLATANO,"37,433.00","853,816.00",22.81,20.65,8.92
2020,ATLANTICO,PLATANO,392.20,"5,829.17",14.86,0.14,0.09
2020,BOLIVAR,PLATANO,"8,671.50","83,150.40",9.59,2.01,2.07
2020,BOYACA,PLATANO,"3,645.40","27,509.60",7.55,0.67,0.87
2020,CALDAS,PLATANO,"23,333.00","275,900.78",11.82,6.67,5.56
2020,CAQUETA,PLATANO,"15,288.00","93,394.60",6.11,2.26,3.64
2020,CASANARE,PLATANO,"3,298.00","37,050.50",11.23,0.90,0.79
2020,CAUCA,PLATANO,"14,204.00","92,910.87",6.54,2.25,3.39
2020,CESAR,PLATANO,"4,885.60","32,291.90",6.61,0.78,1.16
2020,CHOCO,PLATANO,"15,766.50","118,691.80",7.53,2.87,3.76
2020,CORDOBA,PLATANO,"28,525.20","277,725.20",9.74,6.72,6.80
2020,CUNDINAMARCA,PLATANO,"9,494.50","74,423.84",7.84,1.80,2.26
2020,GUAINIA,PLATANO,177.00,"1,477.35",8.35,0.04,0.04
2020,GUAVIARE,PLATANO,"5,182.00","40,192.41",7.76,0.97,1.24
2020,HUILA,PLATANO,"24,653.25","102,409.49",4.15,2.48,5.88
2020,LA GUAJIRA,PLATANO,"2,256.00","12,815.00",5.68,0.31,0.54
2020,MAGDALENA,PLATANO,"4,341.00","32,449.40",7.48,0.78,1.03
2020,META,PLATANO,"21,132.27","393,012.49",18.60,9.50,5.04
2020,NARIÑO,PLATANO,"24,305.00","154,885.58",6.37,3.75,5.79
2020,NORTE DE SANTANDER,PLATANO,"10,306.30","70,133.83",6.80,1.70,2.46
2020,PUTUMAYO,PLATANO,"8,942.75","44,731.08",5.00,1.08,2.13
2020,QUINDIO,PLATANO,"26,484.60","254,421.38",9.61,6.15,6.31
2020,RISARALDA,PLATANO,"15,222.50","165,732.05",10.89,4.01,3.63
2020,SAN ANDRES Y PROVIDENCIA,PLATANO,4.00,60.20,15.05,0.00,0.00
2020,SANTANDER,PLATANO,"10,000.80","83,516.27",8.35,2.02,2.38
2020,SUCRE,PLATANO,"2,005.50","10,239.00",5.11,0.25,0.48
2020,TOLIMA,PLATANO,"19,774.50","137,996.89",6.98,3.34,4.71
2020,VALLE DEL CAUCA,PLATANO,"28,323.68","244,361.15",8.63,5.91,6.75
2020,VAUPES,PLATANO,378.00,"1,425.60",3.77,0.03,0.09
2020,VICHADA,PLATANO,"2,321.00","11,407.00",4.91,0.28,0.55
2021,AMAZONAS,PLATANO,907.00,"3,897.00",4.30,0.09,0.21
2021,ANTIOQUIA,PLATANO,"47,759.54","376,193.58",7.88,8.91,11.13
2021,ARAUCA,PLATANO,"38,275.00","876,291.00",22.89,20.76,8.92
2021,ATLANTICO,PLATANO,376.70,"4,510.50",11.97,0.11,0.09
2021,BOLIVAR,PLATANO,"7,712.60","56,371.82",7.31,1.34,1.80
2021,BOYACA,PLATANO,"3,435.70","21,543.00",6.27,0.51,0.80
2021,CALDAS,PLATANO,"23,467.00","276,591.42",11.79,6.55,5.47
2021,CAQUETA,PLATANO,"14,949.00","87,656.35",5.86,2.08,3.48
2021,CASANARE,PLATANO,"2,881.00","31,119.30",10.80,0.74,0.67
2021,CAUCA,PLATANO,"13,912.12","96,698.44",6.95,2.29,3.24
2021,CESAR,PLATANO,"4,933.60","35,952.23",7.29,0.85,1.15
2021,CHOCO,PLATANO,"16,444.50","129,184.97",7.86,3.06,3.83
2021,CORDOBA,PLATANO,"29,191.00","301,399.74",10.33,7.14,6.80
2021,CUNDINAMARCA,PLATANO,"9,956.25","73,130.97",7.35,1.73,2.32
2021,GUAINIA,PLATANO,202.00,"1,684.00",8.34,0.04,0.05
2021,GUAVIARE,PLATANO,"5,106.00","40,205.00",7.87,0.95,1.19
2021,HUILA,PLATANO,"28,912.30","119,502.08",4.13,2.83,6.74
2021,LA GUAJIRA,PLATANO,"2,352.00","13,300.61",5.66,0.32,0.55
2021,MAGDALENA,PLATANO,"3,906.60","30,109.20",7.71,0.71,0.91
2021,META,PLATANO,"23,941.27","418,466.14",17.48,9.91,5.58
2021,NARIÑO,PLATANO,"23,759.50","150,307.49",6.33,3.56,5.54
2021,NORTE DE SANTANDER,PLATANO,"10,421.60","66,321.11",6.36,1.57,2.43
2021,PUTUMAYO,PLATANO,"9,440.75","48,910.48",5.18,1.16,2.20
2021,QUINDIO,PLATANO,"26,523.80","256,925.39",9.69,6.09,6.18
2021,RISARALDA,PLATANO,"15,761.69","159,114.00",10.09,3.77,3.67
2021,SAN ANDRES Y PROVIDENCIA,PLATANO,6.00,72.72,12.12,0.00,0.00
2021,SANTANDER,PLATANO,"10,619.40","88,248.46",8.31,2.09,2.48
2021,SUCRE,PLATANO,"1,796.50","12,594.78",7.01,0.30,0.42
2021,TOLIMA,PLATANO,"21,023.50","159,273.04",7.58,3.77,4.90
2021,VALLE DEL CAUCA,PLATANO,"28,525.38","271,041.55",9.50,6.42,6.65
2021,VAUPES,PLATANO,247.00,514.16,2.08,0.01,0.06
2021,VICHADA,PLATANO,"2,280.75","13,717.62",6.01,0.32,0.53
2022,AMAZONAS,PLATANO,937.00,"4,017.00",4.29,0.09,0.22
2022,ANTIOQUIA,PLATANO,"51,527.33","433,611.84",8.42,9.72,11.85
2022,ARAUCA,PLATANO,"34,490.00","812,456.00",23.56,18.21,7.93
2022,ATLANTICO,PLATANO,330.20,"4,112.80",12.46,0.09,0.08
2022,BOLIVAR,PLATANO,"7,306.60","54,839.45",7.51,1.23,1.68
2022,BOYACA,PLATANO,"3,281.00","20,746.75",6.32,0.47,0.75
2022,CALDAS,PLATANO,"24,148.30","219,948.00",9.11,4.93,5.55
2022,CAQUETA,PLATANO,"15,942.00","94,668.00",5.94,2.12,3.67
2022,CASANARE,PLATANO,"2,983.00","31,272.76",10.48,0.70,0.69
2022,CAUCA,PLATANO,"12,416.02","113,013.25",9.10,2.53,2.86
2022,CESAR,PLATANO,"5,071.00","39,375.70",7.76,0.88,1.17
2022,CHOCO,PLATANO,"15,501.60","103,147.05",6.65,2.31,3.57
2022,CORDOBA,PLATANO,"29,720.00","306,475.40",10.31,6.87,6.84
2022,CUNDINAMARCA,PLATANO,"9,069.41","70,869.39",7.81,1.59,2.09
2022,GUAINIA,PLATANO,91.00,696.50,7.65,0.02,0.02
2022,GUAVIARE,PLATANO,"5,271.00","43,365.00",8.23,0.97,1.21
2022,HUILA,PLATANO,"30,075.60","192,257.20",6.39,4.31,6.92
2022,LA GUAJIRA,PLATANO,"2,356.50","13,644.00",5.79,0.31,0.54
2022,MAGDALENA,PLATANO,"3,919.60","30,035.53",7.66,0.67,0.90
2022,META,PLATANO,"26,486.47","494,832.97",18.68,11.09,6.09
2022,NARIÑO,PLATANO,"23,777.10","195,962.90",8.24,4.39,5.47
2022,NORTE DE SANTANDER,PLATANO,"10,198.00","73,973.30",7.25,1.66,2.35
2022,PUTUMAYO,PLATANO,"9,412.75","52,334.38",5.56,1.17,2.17
2022,QUINDIO,PLATANO,"26,563.00","259,797.92",9.78,5.82,6.11
2022,RISARALDA,PLATANO,"16,964.95","175,239.60",10.33,3.93,3.90
2022,SAN ANDRES Y PROVIDENCIA,PLATANO,6.00,72.72,12.12,0.00,0.00
2022,SANTANDER,PLATANO,"11,522.15","99,764.73",8.66,2.24,2.65
2022,SUCRE,PLATANO,"1,559.00","10,419.80",6.68,0.23,0.36
2022,TOLIMA,PLATANO,"22,051.50","166,081.40",7.53,3.72,5.07
2022,VALLE DEL CAUCA,PLATANO,"29,020.68","325,991.55",11.23,7.31,6.68
2022,VAUPES,PLATANO,323.80,936.00,2.89,0.02,0.07
2022,VICHADA,PLATANO,"2,400.75","16,789.50",6.99,0.38,0.55
